-- phpMyAdmin SQL Dump
-- version 4.8.3
-- https://www.phpmyadmin.net/
--
-- Máy chủ: 127.0.0.1:3306
-- Thời gian đã tạo: Th10 02, 2018 lúc 02:29 PM
-- Phiên bản máy phục vụ: 5.7.23
-- Phiên bản PHP: 5.6.38

SET SQL_MODE = "NO_AUTO_VALUE_ON_ZERO";
SET AUTOCOMMIT = 0;
START TRANSACTION;
SET time_zone = "+00:00";


/*!40101 SET @OLD_CHARACTER_SET_CLIENT=@@CHARACTER_SET_CLIENT */;
/*!40101 SET @OLD_CHARACTER_SET_RESULTS=@@CHARACTER_SET_RESULTS */;
/*!40101 SET @OLD_COLLATION_CONNECTION=@@COLLATION_CONNECTION */;
/*!40101 SET NAMES utf8mb4 */;

--
-- Cơ sở dữ liệu: `quanlymayanh`
--

-- --------------------------------------------------------

--
-- Cấu trúc bảng cho bảng `categories`
--

DROP TABLE IF EXISTS `categories`;
CREATE TABLE IF NOT EXISTS `categories` (
  `CatId` int(2) NOT NULL AUTO_INCREMENT,
  `CatName` char(20) COLLATE utf8_unicode_ci NOT NULL,
  PRIMARY KEY (`CatId`)
) ENGINE=InnoDB AUTO_INCREMENT=6 DEFAULT CHARSET=utf8 COLLATE=utf8_unicode_ci;

--
-- Đang đổ dữ liệu cho bảng `categories`
--

INSERT INTO `categories` (`CatId`, `CatName`) VALUES
(1, 'Sen đá'),
(2, 'Xương rồng'),
(3, 'Terrarium'),
(4, 'Chậu'),
(5, 'Phụ kiện trang trí');

-- --------------------------------------------------------

--
-- Cấu trúc bảng cho bảng `classify`
--

DROP TABLE IF EXISTS `classify`;
CREATE TABLE IF NOT EXISTS `classify` (
  `CId` int(11) NOT NULL AUTO_INCREMENT,
  `CName` varchar(20) COLLATE utf8_unicode_ci DEFAULT NULL,
  PRIMARY KEY (`CId`)
) ENGINE=InnoDB AUTO_INCREMENT=4 DEFAULT CHARSET=utf8 COLLATE=utf8_unicode_ci;

--
-- Đang đổ dữ liệu cho bảng `classify`
--

INSERT INTO `classify` (`CId`, `CName`) VALUES
(1, 'Máy ảnh DSLR'),
(2, 'Máy ảnh du lịch'),
(3, 'Ống kính - Lens');

-- --------------------------------------------------------

--
-- Cấu trúc bảng cho bảng `orderdetails`
--

DROP TABLE IF EXISTS `orderdetails`;
CREATE TABLE IF NOT EXISTS `orderdetails` (
  `id` int(11) NOT NULL AUTO_INCREMENT,
  `orderID` int(11) DEFAULT NULL,
  `ProId` int(11) DEFAULT NULL,
  `quantity` int(11) DEFAULT NULL,
  `price` int(11) DEFAULT NULL,
  `amount` int(11) DEFAULT NULL,
  PRIMARY KEY (`id`)
) ENGINE=InnoDB AUTO_INCREMENT=23 DEFAULT CHARSET=utf8 COLLATE=utf8_unicode_ci;

--
-- Đang đổ dữ liệu cho bảng `orderdetails`
--

INSERT INTO `orderdetails` (`id`, `orderID`, `ProId`, `quantity`, `price`, `amount`) VALUES
(4, 3, 2, 2, 38448300, 76896600),
(5, 3, 3, 6, 59898680, 359392080),
(6, 3, 10, 2, 7499995, 14999990),
(7, 3, 9, 1, 10894000, 10894000),
(8, 3, 7, 1, 49300150, 49300150),
(9, 5, 6, 6, 33886600, 203319600),
(10, 5, 4, 1, 13898570, 13898570),
(11, 5, 10, 1, 7499995, 7499995),
(12, 5, 9, 1, 10894000, 10894000),
(13, 5, 12, 1, 29799530, 29799530),
(14, 6, 3, 3, 59898680, 179696040),
(15, 7, 9, 1, 10894000, 10894000),
(16, 7, 1, 2, 10900260, 21800520),
(17, 8, 7, 1, 49300150, 49300150),
(18, 8, 1, 8, 10900260, 87202080),
(19, 9, 1, 2, 10900260, 21800520),
(20, 10, 18, 1, 39405938, 39405938),
(21, 10, 10, 1, 7499995, 7499995),
(22, 11, 6, 2, 33886600, 67773200);

-- --------------------------------------------------------

--
-- Cấu trúc bảng cho bảng `orders`
--

DROP TABLE IF EXISTS `orders`;
CREATE TABLE IF NOT EXISTS `orders` (
  `orderId` int(11) NOT NULL AUTO_INCREMENT,
  `orderDate` date DEFAULT NULL,
  `user` varchar(20) COLLATE utf8_unicode_ci DEFAULT NULL,
  `total` int(11) DEFAULT NULL,
  PRIMARY KEY (`orderId`)
) ENGINE=InnoDB AUTO_INCREMENT=12 DEFAULT CHARSET=utf8 COLLATE=utf8_unicode_ci;

--
-- Đang đổ dữ liệu cho bảng `orders`
--

INSERT INTO `orders` (`orderId`, `orderDate`, `user`, `total`) VALUES
(3, '2015-01-11', 'b', 511482820),
(5, '2015-01-11', 'b', 265411695),
(6, '2015-01-11', 'b', 179696040),
(7, '2015-01-11', 'a', 32694520),
(8, '2015-01-12', 'a', 136502230),
(9, '2015-01-12', 'a', 21800520),
(10, '2015-01-13', 'qq', 46905933),
(11, '2015-01-13', 'qq', 67773200);

-- --------------------------------------------------------

--
-- Cấu trúc bảng cho bảng `products`
--

DROP TABLE IF EXISTS `products`;
CREATE TABLE IF NOT EXISTS `products` (
  `ProID` int(5) NOT NULL AUTO_INCREMENT,
  `ProName` varchar(50) COLLATE utf8_unicode_ci NOT NULL,
  `CatID` int(2) DEFAULT NULL,
  `Price` int(11) DEFAULT NULL,
  `TinyDes` text COLLATE utf8_unicode_ci,
  `FullDes` text COLLATE utf8_unicode_ci,
  `Classify` int(2) DEFAULT NULL,
  `Quantity` int(11) DEFAULT NULL,
  `NView` int(11) DEFAULT NULL,
  `DayAdd` date DEFAULT NULL,
  PRIMARY KEY (`ProID`)
) ENGINE=InnoDB AUTO_INCREMENT=41 DEFAULT CHARSET=utf8 COLLATE=utf8_unicode_ci;

--
-- Đang đổ dữ liệu cho bảng `products`
--

INSERT INTO `products` (`ProID`, `ProName`, `CatID`, `Price`, `TinyDes`, `FullDes`, `Classify`, `Quantity`, `NView`, `DayAdd`) VALUES
(1, 'Sen thơm', 1, 10900260, '<p><strong>Điểm nổi bật của sản phẩm</strong></p>\r\n\r\n<p>- Khe cắm thẻ nhớ SD / SDHC / SDXC</p>\r\n\r\n<p>- Cảm biến 18MP APS-C CMOS&nbsp;</p>\r\n\r\n<p>- 3.0 &quot;Clear View Vari-Angle LCD</p>\r\n\r\n<p>- Dải ISO 100-6400</p>\r\n\r\n<p>- Chế độ phim Full HD w / Manual Exposure</p>\r\n\r\n<p>- Tương th&iacute;ch với ống k&iacute;nh Canon EF v&agrave; EF-S</p>\r\n', '<h2 style=\"text-align:center\"><strong><span style=\"color:#0000cd\"><span style=\"font-size:14px\">Canon EOS 600D</span></span></strong></h2>\r\n\r\n<p><span style=\"color:#0000cd\"><strong><span style=\"font-size:14px\">GIỚI THIỆU</span></strong></span></p>\r\n\r\n<p><span style=\"font-size:12px\"><span style=\"font-family:arial,helvetica,sans-serif\"><strong>M&aacute;y ảnh Canon 600D</strong> được trang bị cảm biến CMOS chất lượng cao18 megapixel v&agrave; bộ xử l&yacute; h&igrave;nh ảnh DIGIC 4 cực kỳ mạnh mẽ, cho h&igrave;nh ảnh chất lượng cao. C&aacute;c t&iacute;nh năng như Tự động lựa chọn cảnh th&ocirc;ng minh, Basic+ v&agrave; chức năng Hướng dẫn sẽ gi&uacute;p bạn sử dụng c&aacute;c chức năng s&aacute;ng tạo của m&aacute;y một c&aacute;ch đơn giản. T&iacute;nh năng S&aacute;ng tạo cải tiến cũng như ghi video Full HD v&agrave; chụp h&igrave;nh từ Video đều được t&iacute;ch hợp trong&nbsp;Canon 600D<strong>.</strong></span></span></p>\r\n\r\n<p><span style=\"font-size:12px\"><span style=\"font-family:arial,helvetica,sans-serif\">Với ti&ecirc;u ch&iacute; tối ưu ho&aacute; thao t&aacute;c chụp h&igrave;nh của </span>Canon 600D<span style=\"font-family:arial,helvetica,sans-serif\"> đ&atilde; được trang bị cảm biến CMOS 18megapixel (cỡ APS-C) nhằm tăng hiệu quả chụp h&igrave;nh của bạn, gi&uacute;p bạn chụp được mọi cảnh từ những phong cảnh ngoạn mục cho tới chụp cận cảnh động vật hoang d&atilde;, r&otilde; đến từng chi tiết. Với độ ph&acirc;n giải lớn 18megapixel, bạn cũng c&oacute; thể chuyển ảnh tới ph&ograve;ng trưng b&agrave;y thậm ch&iacute; ngay cả sau khi crop h&igrave;nh.</span></span></p>\r\n\r\n<p>&nbsp;\r\n<p>&nbsp;</p>\r\n</p>\r\n\r\n<p><span style=\"font-size:12px\"><strong>M&agrave;n h&igrave;nh ngắm LCD đa g&oacute;c ngắm cỡ rộng 3-inch</strong></span></p>\r\n\r\n<p><span style=\"font-family:arial,helvetica,sans-serif; font-size:12px\">Để ghi v&agrave; xem lại ảnh, </span><strong>Canon 600D</strong><span style=\"font-family:arial,helvetica,sans-serif; font-size:12px\"> sử dụng một m&agrave;n h&igrave;nh ngắm LCD đa g&oacute;c ngắm cỡ rộng 3 inch rất r&otilde; n&eacute;t bao gồm hơn một triệu điểm ảnh. M&agrave;n h&igrave;nh đa g&oacute;c ngắm hiện đại cũng được bổ xung th&ecirc;m để những tay m&aacute;y ham t&igrave;m t&ograve;i c&oacute; thể ph&aacute;t hiện được c&aacute;c khu&ocirc;n h&igrave;nh đẹp bởi thiết kế đặc biệt kiểu khớp nối cho ph&eacute;p bạn xoay m&agrave;n h&igrave;nh ở hầu hết c&aacute;c g&oacute;c.</span></p>\r\n\r\n<h2><span style=\"font-size:12px\"><strong>T&iacute;nh năng tự động tr&ecirc;n Canon 600D lựa chọn cảnh th&ocirc;ng minh</strong></span></h2>\r\n\r\n<p><span style=\"font-size:12px\"><span style=\"font-family:arial,helvetica,sans-serif\">Cuộc c&aacute;ch mạng nổi bật của Canon ch&iacute;nh l&agrave; t&iacute;nh năng Tự động lựa chọn cảnh th&ocirc;ng minh, một chế độ chụp ho&agrave;n to&agrave;n tự động, sử dụng tối ưu Hệ thống d&ograve; t&igrave;m cảnh EOS, một hệ thống t&iacute;ch hợp nhằm ph&acirc;n t&iacute;ch mọi yếu tố của cảnh chụp bao gồm mặt người v&agrave;/hoặc độ s&aacute;ng của ảnh, chuyển động, độ tương phản, m&agrave;u sắc, khoảng c&aacute;ch v&agrave; c&ograve;n nhiều hơn thế nữa. Th&ocirc;ng tin n&agrave;y sau đ&oacute; sẽ được T&iacute;nh năng Tự động chọn cảnh th&ocirc;ng minh đ&aacute;nh gi&aacute; để tạo ra những tấm h&igrave;nh đẹp, thu được n&eacute;t tinh tu&yacute; của những vật chụp xung quanh.</span></span></p>\r\n\r\n<p><span style=\"color:#0000cd\"><span style=\"font-size:14px\"><strong>T&Iacute;NH NĂNG NỔI BẬT</strong></span></span></p>\r\n\r\n<p><strong>Bộ cảm biến CMOS k&iacute;ch thước APS-C độ ph&acirc;n giải 18MP</strong></p>\r\n\r\n<p>Được trang bị bộ cảm biến CMOS APS-cỡ C 18 megapixel cao cấp trong d&ograve;ng DSLR, <a href=\"http://zshop.vn/canon-600d-18-55.html\"><em>Canon EOS 600D </em></a>c&oacute; thể chụp được định dạng ảnh lớn nhất (RAW v&agrave; JPEG+RAW) với chi tiết v&agrave; độ n&eacute;t cao ngay cả trong điều kiện &aacute;nh s&aacute;ng yếu. Cảm biến 18MP CMOS kh&ocirc;ng chỉ cho ph&eacute;p crop ảnh vẫn giữ được độ sắc n&eacute;t của chi tiết m&agrave; c&ograve;n đem đến tốc độ truyền dữ liệu si&ecirc;u tốc nhờ đường t&iacute;n hiệu đa k&ecirc;nh, tăng cường khả năng phản ứng của m&aacute;y cũng như giảm nhiễu v&agrave; c&ocirc; lập c&aacute;c m&agrave;u giả được ph&aacute;t hiện.</p>\r\n\r\n<h2><span style=\"font-size:12px\"><strong>Canon 600D sở hữu vi xử l&yacute; h&igrave;nh ảnh DIGIC 4</strong></span></h2>\r\n\r\n<p>DIGIC 4 l&agrave; thế hệ thứ s&aacute;u trong bộ xử l&yacute; h&igrave;nh ảnh được nghi&ecirc;n cứu v&agrave; sản xuất của Canon. So với DIGIC 3, DIGIC 4 tăng cường c&aacute;c thuật to&aacute;n khử nhiễu nhằm hạn chế tối đa c&aacute;c chi tiết giả tr&ecirc;n ảnh, <strong>Canon EOS 600D</strong> cải tiến vượt trội chất lượng h&igrave;nh ảnh v&agrave; tốc độ xử l&iacute;. Ngo&agrave;i ra, DIGIC 4 c&ograve;n hỗ trợ chụp ảnh định dạng file RAW với độ s&acirc;u m&agrave;u 14 bit v&agrave; chức năng Face Detection cho ph&eacute;p nhận diện khu&ocirc;n mặt nhanh gấp 3 lần v&agrave; tốc độ xử l&yacute; t&iacute;n hiệu gấp 1.3 lần.</p>\r\n\r\n<p><strong>Dải ISO chuẩn 100 - 6400 mở rộng đến 12800</strong></p>\r\n\r\n<p>Dải ISO rộng đặc biệt quan trọng khi cho ph&eacute;p bạn chụp ảnh ở nhiều điều kiện s&aacute;ng kh&aacute;c nhau, d&ugrave; l&agrave; khung cảnh ngo&agrave;i trời ban ng&agrave;y hay cảnh đ&ecirc;m thiếu s&aacute;ng.&nbsp;<strong>Canon 600D</strong>&nbsp;c&oacute; dải ISO chuẩn 100 - 6400 v&agrave; c&oacute; thể mở rộng đến 12800 gi&uacute;p tăng vượt trội tốc độ đ&oacute;ng mở m&agrave;n tr&acirc;̣p, nắm bắt c&aacute;c khoảnh khắc để c&oacute; tốc độ chụp chớp nho&aacute;ng 3.7fps, hạn ch&ecirc;́ t&ocirc;́i đa hi&ecirc;̣n tượng nh&ograve;e do rung lắc của th&acirc;n m&aacute;y v&agrave; chụp được cả những đối tượng di chuyển.</p>\r\n\r\n<p><strong>Nhật k&iacute; video với Video Snapshot v&agrave; Advanced movie crop</strong></p>\r\n\r\n<p>B&ecirc;n cạnh khả năng quay phim Full HD,&nbsp;<span style=\"color:#0000ff\"><strong>Canon 600D</strong></span>&nbsp;thể hiện sự n&acirc;ng cấp vượt trội với chức năng Advanced movie crop cho ph&eacute;p bạn zoom từ 3x -10x c&aacute;c đối tượng đang quay phim v&agrave; chức năng Video Snapshot để gh&eacute;p những đoạn clip ngắn với nhau k&egrave;m nhạc nền. Với chức năng Video Snapshot đầy th&uacute; vị n&agrave;y, những kỉ niệm như ng&agrave;y đầu b&eacute; con nh&agrave; bạn đi nh&agrave; trẻ, nhổ chiếc răng đầu ti&ecirc;n hoặc tập đi xe đạp đều sẽ trở th&agrave;nh đoạn video nhật k&iacute; đầy cảm x&uacute;c m&agrave; bạn kh&ocirc;ng thể bỏ qua.</p>\r\n\r\n<p><strong>Hỗ trợ tối đa chụp ảnh đẹp</strong></p>\r\n\r\n<p>Với hai chức năng Basic+ v&agrave; Scene Intelligent Auto, bạn chỉ cần n&acirc;ng&nbsp;<strong>Canon 600D</strong>&nbsp;l&ecirc;n l&agrave; m&aacute;y ảnh sẽ tự động ph&acirc;n t&iacute;ch v&agrave; c&agrave;i đặt c&aacute;c th&ocirc;ng số như Độ phơi s&aacute;ng, Lấy n&eacute;t, C&acirc;n bằng trắng, Điều chỉnh s&aacute;ng để mang đến t&ocirc;ng m&agrave;u đẹp nhất cho bức ảnh của bạn. Ngo&agrave;i ra, chức năng Feature Guide c&ograve;n hiển thị m&ocirc; tả chức năng của c&aacute;c n&uacute;t bấm để bạn c&oacute; được c&aacute;i nh&igrave;n tổng quan nhất về chiếc m&aacute;y ảnh của m&igrave;nh ngay những lần đầu sử dụng.</p>\r\n\r\n<p><strong>M&agrave;n h&igrave;nh lật v&agrave; chức năng LiveView</strong></p>\r\n\r\n<p>Chức năng ngắm trực tiếp LiveView giờ đ&atilde; được tăng th&ecirc;m sức mạnh v&agrave; sự tiện dụng nhờ m&agrave;n h&igrave;nh 3&rdquo; c&oacute; thể lật xoay để bạn dễ d&agrave;ng ngắm v&agrave; chụp từ những g&oacute;c độ kh&oacute;, khi bạn sử dụng tripod hoặc chụp từ hướng tr&ecirc;n đầu m&igrave;nh xuống. M&agrave;n h&igrave;nh n&agrave;y sử dụng c&ocirc;ng nghệ hiển thị TFT 1.040.000 điểm m&agrave;u được phủ 2 lớp chống l&oacute;a v&agrave; 7 mức s&aacute;ng để bạn được xem lại những khoảng khắc tuyệt vời nhất m&agrave;&nbsp;<strong>Canon 600D</strong>&nbsp;nắm bắt.</p>\r\n', 1, 0, 42, '2014-12-01'),
(2, 'Sen Đất xanh', 1, 38448300, '<p><strong>Điểm nổi bật của sản phẩm</strong></p>\r\n\r\n<p>- Sử dụng chip xử l&yacute; h&igrave;nh ảnh k&eacute;p Digic V (7D hiện tại l&agrave; chip k&eacute;p Digic IV), tốc độ chụp l&ecirc;n tới 10,2 khung h&igrave;nh mỗi gi&acirc;y (7D hiện tại l&agrave; 8 khung h&igrave;nh mỗi gi&acirc;y).</p>\r\n\r\n<p>- Khe cắm thẻ nhớ k&eacute;p nhưng chưa c&oacute; th&ocirc;ng tin về loại thẻ hỗ trợ.&nbsp;</p>\r\n\r\n<p>- Canon 7D Mark II&nbsp;cũng được cho l&agrave; được thiết kế lại với nhiều điểm kh&aacute;c biệt so với &quot;đời đầu&quot; cũng như bộ pin mới.</p>\r\n\r\n<p>- Thời điểm ra mắt của sản phẩm l&agrave; v&agrave;o th&aacute;ng 2 năm sau.</p>\r\n<p><strong>Điểm nổi bật của sản phẩm</strong></p>\r\n\r\n<p>- Sử dụng chip xử l&yacute; h&igrave;nh ảnh k&eacute;p Digic V (7D hiện tại l&agrave; chip k&eacute;p Digic IV), tốc độ chụp l&ecirc;n tới 10,2 khung h&igrave;nh mỗi gi&acirc;y (7D hiện tại l&agrave; 8 khung h&igrave;nh mỗi gi&acirc;y).</p>\r\n\r\n<p>- Khe cắm thẻ nhớ k&eacute;p nhưng chưa c&oacute; th&ocirc;ng tin về loại thẻ hỗ trợ.&nbsp;</p>\r\n\r\n<p>- Canon 7D Mark II&nbsp;cũng được cho l&agrave; được thiết kế lại với nhiều điểm kh&aacute;c biệt so với &quot;đời đầu&quot; cũng như bộ pin mới.</p>\r\n\r\n<p>- Thời điểm ra mắt của sản phẩm l&agrave; v&agrave;o th&aacute;ng 2 năm sau.</p>\r\n<p><strong>Điểm nổi bật của sản phẩm</strong></p>\r\n\r\n<p>- Sử dụng chip xử l&yacute; h&igrave;nh ảnh k&eacute;p Digic V (7D hiện tại l&agrave; chip k&eacute;p Digic IV), tốc độ chụp l&ecirc;n tới 10,2 khung h&igrave;nh mỗi gi&acirc;y (7D hiện tại l&agrave; 8 khung h&igrave;nh mỗi gi&acirc;y).</p>\r\n\r\n<p>- Khe cắm thẻ nhớ k&eacute;p nhưng chưa c&oacute; th&ocirc;ng tin về loại thẻ hỗ trợ.&nbsp;</p>\r\n\r\n<p>- Canon 7D Mark II&nbsp;cũng được cho l&agrave; được thiết kế lại với nhiều điểm kh&aacute;c biệt so với &quot;đời đầu&quot; cũng như bộ pin mới.</p>\r\n\r\n<p>- Thời điểm ra mắt của sản phẩm l&agrave; v&agrave;o th&aacute;ng 2 năm sau.</p>\r\n', '<h2 style=\"text-align:center\"><strong><span style=\"color:#0000cd\"><span style=\"font-size:14px\">Canon 7D Mark II (Body)</span></span></strong></h2>\r\n\r\n<p><span style=\"color:#0000cd\"><span style=\"font-size:14px\"><strong>GIỚI THIỆU</strong></span></span></p>\r\n\r\n<p>Được thiết kế với thi&ecirc;n hướng th&ecirc;m tốc độ, <strong>M&aacute;y ảnh Canon DSLR EOS 7D Mark II</strong>&nbsp;c&oacute; đặc trưng bởi cảm biến APS-C với k&iacute;ch thước 20.2MP CMOS, bộ xử l&yacute; h&igrave;nh ảnh k&eacute;p DIGIC 6 v&agrave; tốc độ chụp li&ecirc;n tục tr&ecirc;n 10 fps. Ph&aacute;t hiện được 65 điểm cross-type, hệ thống AF v&agrave; Dual Pixel CMOS AF c&oacute; lợi &iacute;ch c&ocirc;ng nghệ nhanh ch&oacute;ng, hiệu quả, tập trung ch&iacute;nh x&aacute;c cho cả k&iacute;nh ngắm quang học v&agrave; xem bắn trực tiếp. Ngo&agrave;i ra, sự kết hợp của bộ vi xử l&yacute; h&igrave;nh ảnh k&eacute;p c&ugrave;ng với bộ cảm biến CMOS cũng g&oacute;p phần l&agrave;m tăng cường độ nhạy &aacute;nh s&aacute;ng yếu với ISO 16000 v&agrave; tiếp tục mở rộng đến ISO 51200. M&aacute;y ảnh Canon 7D Mark II dễ d&agrave;ng thực hiện trong một m&ocirc;i trường kh&oacute; khăn v&agrave; l&agrave; một c&ocirc;ng cụ l&yacute; tưởng giống như một c&ocirc;ng cụ cho nhiếp ảnh gia động vật hoang d&atilde;. M&aacute;y ảnh DSLR EOS 7D Mark II đều đ&atilde; nằm trong tay của c&aacute;c nhiếp ảnh gia hiện đại.</p>\r\n\r\n<p>&nbsp;</p>\r\n\r\n<p>Việc bổ sung th&ecirc;m c&aacute;c t&iacute;nh năng cho <strong>7D Mark II</strong> để hỗ trợ việc ghi lại đầy đủ c&aacute;c video HD 1080p c&oacute; sẵn v&agrave; tốc độ khung h&igrave;nh l&ecirc;n đến 60 fps. Ngo&agrave;i mục đ&iacute;ch tiết kiệm thẻ nhớ trong, video kh&ocirc;ng n&eacute;n cũng c&oacute; thể được ghi lại để ghi &acirc;m t&ugrave;y chọn b&ecirc;n ngo&agrave;i th&ocirc;ng qua kết nối HDMI. Tuỳ chỉnh Movie Servo AF, được hỗ trợ bởi hệ thống k&eacute;p Pixel CMOS AF để l&agrave;m nổi bật khả năng quay phim bằng c&aacute;ch cho ph&eacute;p thiết lập tốc độ v&agrave; độ nhạy điều khiển li&ecirc;n tục tập trung với c&aacute;c đối tượng di chuyển.</p>\r\n\r\n<p>Điều đặc biệt của khả năng chụp ảnh l&agrave; một cơ chế m&agrave;n trập bền thử nghiệm cho đến 200.000 actuations. M&agrave;n h&igrave;nh LCD 1.04m-dot Clear View II 3,0&quot; cố định được đưa v&agrave;o thiết kế, Canon 7D Mark II c&ugrave;ng với ống k&iacute;nh ngắm th&ocirc;ng minh, c&ocirc;ng cụ quang học cho khả năng gi&aacute;m s&aacute;t v&agrave; xem lại linh hoạt. N&uacute;t t&ugrave;y chỉnh được đặt tr&ecirc;n th&acirc;n m&aacute;y để điều khiển c&aacute;c thiết lập c&aacute; nh&acirc;n v&agrave; t&iacute;ch hợp module GPS kh&aacute;c nhau v&agrave; tự động nh&uacute;ng v&agrave;o c&aacute;c tập tin dữ liệu h&igrave;nh ảnh v&agrave;o thẻ nhớ khi chụp.</p>\r\n\r\n<p>&nbsp;</p>\r\n\r\n<p><span style=\"color:#0000cd\"><span style=\"font-size:14px\"><strong>T&Iacute;NH NĂNG NỔI BẬT</strong></span></span></p>\r\n\r\n<p><span style=\"font-size:12px\"><strong>7D Mark II với cảm biến APS-C 20.2MP CMOS v&agrave; bộ xử l&yacute; h&igrave;nh ảnh k&eacute;p DIGIC 6</strong></span></p>\r\n\r\n<p>- Với một cảm biến APS-C CMOS 20,2 megapixel v&agrave; bộ vi xử l&yacute; h&igrave;nh ảnh k&eacute;p DIGIC 6, Canon 7D Mark II c&oacute; khả năng tạo độ ph&acirc;n giải cao, chi tiết h&igrave;nh ảnh v&agrave; video 1080p full HD với độ nhạy đ&aacute;ng ch&uacute; &yacute; v&agrave; tiếng ồn tối thiểu. Một dải ISO 100-16.000 v&agrave; hơn nữa được mở rộng theo ti&ecirc;u chuẩn ISO 51200. <em>7D Mark II</em> rất ph&ugrave; hợp để l&agrave;m việc trong điều kiện &aacute;nh s&aacute;ng kh&oacute; khăn v&agrave; sức mạnh xử l&yacute; của bộ vi xử l&yacute; DIGIC 6 cũng g&oacute;p phần n&acirc;ng cao chất lượng &aacute;nh s&aacute;ng yếu với m&agrave;u sắc mịn m&agrave;ng, sửa chữa tỷ lệ hao hụt &acirc;m v&agrave; quang sai.</p>\r\n\r\n<p>- Việc thiết kế bộ vi xử l&yacute; k&eacute;p c&oacute; lợi cho hệ thống h&igrave;nh ảnh th&ocirc;ng qua việc bổ sung c&aacute;c tốc độ, &aacute;p dụng biện 10 fps chụp li&ecirc;n tục cho hơn 1000 h&igrave;nh ảnh JPEG, RAW 31 hoặc 19 file RAW + JPEG, c&ugrave;ng với tốc độ m&agrave;n trập 1/8000 gi&acirc;y. V&agrave; tốc độ đồng bộ flash tr&ecirc;n 1/250 gi&acirc;y. Ngo&agrave;i ra, thời gian đứng chỉ 0.055 gi&acirc;y. Thời gian khởi động chỉ 0,1 gi&acirc;y v&agrave; m&aacute;y ảnh đ&atilde; sẵn s&agrave;ng để thực hiện như mong muốn.</p>\r\n\r\n<div><strong>Hệ thống AF - 65 điểm Cross-Type</strong></div>\r\n\r\n<p>Khi chụp với k&iacute;nh ngắm quang học, tất cả hệ thống 65 điểm cross-type lấy n&eacute;t tự động được sử dụng để đảm bảo độ rộng khung cho việc tập trung ch&iacute;nh x&aacute;c v&agrave; nhanh ch&oacute;ng. Điểm trung t&acirc;m của cụm n&agrave;y l&agrave; một cảm biến cross-type k&eacute;p với độ ch&iacute;nh x&aacute;c cao mang lại lợi &iacute;ch l&agrave;m việc với f / 2,8 hoặc nhanh hơn, ống k&iacute;nh v&agrave; hỗ trợ tập trung xuống -3 EV để cho ph&eacute;p l&agrave;m việc trong điều kiện &aacute;nh s&aacute;ng yếu. Những điểm trọng t&acirc;m được h&igrave;nh th&agrave;nh v&agrave; cho ph&eacute;p dẫn đường ở c&aacute;c yếu tố cụ thể trong khung h&igrave;nh để tập trung v&agrave;o, c&aacute;ch kh&aacute;c tất cả c&oacute; thể được sử dụng để đảm bảo tr&ecirc;n to&agrave;n khung.</p>\r\n\r\n<div><strong>Pixel CMOS AF K&eacute;p</strong></div>\r\n\r\n<p>- Pixel CMOS AF K&eacute;p l&agrave; một c&aacute;i nh&igrave;n tập trung c&ocirc;ng nghệ sống v&agrave;o l&agrave;m việc để đảm bảo khả năng lấy n&eacute;t tự động cực kỳ nhanh ch&oacute;ng v&agrave; ch&iacute;nh x&aacute;c m&agrave; hoạt động tương tự như một m&aacute;y quay phim. Hệ thống n&agrave;y t&iacute;ch hợp hai diode t&aacute;ch s&oacute;ng quang ri&ecirc;ng biệt trong mỗi điểm ảnh để cung cấp một mạng lưới rộng khắp v&agrave; d&agrave;y đặc của giai đoạn ph&aacute;t hiện c&aacute;c yếu tố thu thập tr&ecirc;n gần 80% của khung h&igrave;nh để gi&uacute;p tập trung nhanh hơn, kiểm so&aacute;t trực tiếp vị tr&iacute; hơn. Pixel CMOS AF k&eacute;p được sử dụng trong c&aacute;c ứng dụng xem trực tiếp v&agrave; quay video.</p>\r\n\r\n<p>- Khi l&agrave;m việc với h&igrave;nh ảnh, hệ thống n&agrave;y ch&uacute; trọng v&agrave;o hoạt động để c&oacute; được tập trung một c&aacute;ch nhanh ch&oacute;ng v&agrave; ch&iacute;nh x&aacute;c, l&agrave;m cho n&oacute; ph&ugrave; hợp nhất để chụp v&agrave; theo d&otilde;i đối tượng chuyển động v&agrave; quan trọng l&agrave; đạt được độ chuẩn với mỗi cảnh quay. Khi quay video, h&igrave;nh ảnh vẫn mịn m&agrave;ng v&agrave; tự nhi&ecirc;n khi thay đổi c&aacute;c đối tượng kh&aacute;c nhau hoặc c&aacute;c khoảng c&aacute;ch kh&aacute;c nhau trong bối cảnh. Theo d&otilde;i chủ đề trong phim cũng được n&acirc;ng cao do khả năng của hệ thống k&eacute;p Pixel CMOS AF để nhận ra đối tượng v&agrave; duy tr&igrave; tập trung khi l&agrave;m việc trong bối cảnh thay đổi hoặc lộn xộn.</p>\r\n\r\n<p>&nbsp;</p>\r\n\r\n<div><strong>EOS HD Video</strong></div>\r\n\r\n<p>- Full HD quay video 1080p được hỗ trợ trong nhiều tốc độ, l&ecirc;n đến 60 fps, trong cả hai định dạng MOV v&agrave; MP4. Ngo&agrave;i ra, video kh&ocirc;ng n&eacute;n c&oacute; thể được ghi lại từ một t&ugrave;y chọn b&ecirc;n ngo&agrave;i th&ocirc;ng qua đầu ra HDMI. Trong m&aacute;y ảnh, video được ghi lại bằng c&aacute;ch sử dụng chất lượng cao H.264 / MPEG-4 AVC codec v&agrave; điều khiển bằng tay được hỗ trợ tinh tế hơn trong việc nh&igrave;n v&agrave; cảm nhận của bản ghi &acirc;m. Video clip sẽ được tự động ph&acirc;n v&ugrave;ng sau khi k&iacute;ch thước tập tin đ&atilde; đạt đến 4GB v&agrave; cả IPB v&agrave; tất cả n&eacute;n i-khung c&oacute; sẵn để sử dụng t&ugrave;y thuộc v&agrave;o bi&ecirc;n tập.</p>\r\n\r\n<p>- Khi quay video, t&ugrave;y biến Movie Servo AF c&oacute; thể được sử dụng để điều chỉnh tập trung vị tr&iacute;, tốc độ, v&agrave; khoảng thời gian theo d&otilde;i về chất lượng AF trơn mượt v&agrave; mịn. Hỗ trợ cũng c&oacute; sẵn cho c&aacute;c ống k&iacute;nh STM, trong đ&oacute; cung cấp đặc biệt ch&uacute; trọng v&agrave;o tĩnh v&agrave; mịn cho chất lượng tổng thể của bộ phim.</p>\r\n\r\n<p>- Trong m&aacute;y ảnh, &acirc;m thanh được ghi lại bằng c&aacute;ch sử dụng định dạng Linear PCM cho c&aacute;c tập tin MOV, hoặc c&aacute;c định dạng AAC cho c&aacute;c tập tin MP4, hỗ trợ c&oacute; sẵn cho việc sử dụng một micro b&ecirc;n ngo&agrave;i t&ugrave;y chọn trong qu&aacute; tr&igrave;nh ghi. Ngo&agrave;i ra, một đầu v&agrave;o tai nghe cũng c&oacute; sẵn cho thời gian theo d&otilde;i &acirc;m thanh.</p>\r\n\r\n<h2><span style=\"font-size:12px\"><strong>Thiết kế th&acirc;n m&aacute;y Canon 7D Mark II</strong></span></h2>\r\n\r\n<p>Với một cơ thể hợp kim magi&ecirc; bền với tr&agrave;n ngập&nbsp; thử nghiệm đến 200.000 chu kỳ, c&ugrave;ng với tăng cường gương v&agrave; m&agrave;n trập cơ chế ổ đĩa, m&aacute;y ảnh <em>7D Mark II</em> gồ ghề n&agrave;y cũng được bịt k&iacute;n để chống bụi v&agrave; độ ẩm để sử dụng trong điều kiện khắc nghiệt. Ở ph&iacute;a sau của m&aacute;y ảnh l&agrave; m&agrave;n h&igrave;nh LCD 3,0&quot; 1.04m, chấm s&aacute;ng c&oacute; thể được sử dụng để theo d&otilde;i trực tiếp xem, xem x&eacute;t h&igrave;nh ảnh, v&agrave; điều hướng menu. N&oacute; c&oacute; t&iacute;nh năng chống vết bẩn v&agrave; lớp phủ Clear View II chống phản chiếu để cho ph&eacute;p xem tốt hơn trong điều kiện &aacute;nh s&aacute;ng ch&oacute;i. Ngo&agrave;i ra, để ph&aacute;t hiện tầm mắt, một k&iacute;nh ngắm quang học th&ocirc;ng minh II được t&iacute;ch hợp v&agrave;o thiết kế v&agrave; cung cấp đảm bảo 100% khung h&igrave;nh, độ ch&iacute;nh x&aacute;c th&agrave;nh phần lớn hơn v&agrave; một m&agrave;n h&igrave;nh hiển thị lớp phủ để l&agrave;m nổi bật c&aacute;c thiết lập chụp th&iacute;ch hợp, chẳng hạn như một mức độ kỹ thuật số, th&ocirc;ng tin tiếp x&uacute;c, v&agrave; c&aacute;c chức năng m&aacute;y ảnh kh&aacute;c. Thiết kế cơ thể cũng kết hợp một khe cắm thẻ nhớ k&eacute;p chấp nhận một thẻ CompactFlash v&agrave; SD / SDHC / SDXC để mở rộng khả năng lưu tập tin bằng c&aacute;ch cho ph&eacute;p ghi &acirc;m tr&agrave;n hoặc trong m&aacute;y nh&acirc;n bản. M&aacute;y ảnh n&agrave;y cũng c&oacute; một loạt c&aacute;c điều khiển t&ugrave;y biến c&oacute; thể điều chỉnh một loạt c&aacute;c thiết lập dựa tr&ecirc;n sở th&iacute;ch c&aacute; nh&acirc;n của bạn.</p>\r\n\r\n<h2><span style=\"font-size:12px\"><strong>Hệ thống d&ograve; t&igrave;m cảnh v&agrave; phơi s&aacute;ng tr&ecirc;n Canon 7D Mark II</strong></span></h2>\r\n\r\n<p>Để tăng cường độ ch&iacute;nh x&aacute;c li&ecirc;n quan đến độ tiếp x&uacute;c, một hệ thống ISA (Intelligent Scene Analysis) sử dụng cảm biến đo độc lập 150.000-pixel RGBc&oacute; lợi cho c&aacute;c hệ thống ITR AF (theo d&otilde;i th&ocirc;ng minh v&agrave; c&ocirc;ng nhận), cho ph&ugrave; hợp, theo d&otilde;i đối tượng ch&iacute;nh x&aacute;c v&agrave; tiếp x&uacute;c với khả năng đ&oacute;. C&aacute;c hệ thống n&agrave;y cũng được t&iacute;ch hợp c&aacute;c thuật to&aacute;n theo d&otilde;i chuy&ecirc;n dụng được thiết kế để nhận diện khu&ocirc;n mặt v&agrave; m&agrave;u sắc, để hỗ trợ cả chức năng tự động lấy n&eacute;t v&agrave; đo s&aacute;ng tiếp x&uacute;c.</p>\r\n\r\n<p>&nbsp;</p>\r\n\r\n<div><strong>C&aacute;c t&iacute;nh năng kh&aacute;c của m&aacute;y ảnh Canon 7D Mark II</strong></div>\r\n\r\n<p>- Khoảng c&aacute;ch built-in cho ph&eacute;p tạo ra c&aacute;c h&igrave;nh ảnh thời gian tr&ocirc;i đi v&agrave; hỗ trợ ghi &acirc;m 1-99 khung h&igrave;nh li&ecirc;n tiếp trong khoảng thời gian được lựa chọn trước.</p>\r\n\r\n<p>- Thiết lập tốc độ m&agrave;n trập b&oacute;ng cho ph&eacute;p bạn giữ cho m&agrave;n trập mở miễn l&agrave; mong muốn cho một phạm vi mở rộng khả năng s&aacute;ng tạo.</p>\r\n\r\n<p>- Một m&aacute;y thu GPS t&iacute;ch hợp tự động ghi lại dữ liệu vị tr&iacute; tiếp x&uacute;c với nhau, bao gồm kinh độ v&agrave; vĩ độ, độ cao, v&agrave; thời gian UTC như dữ liệu EXIF​​, v&agrave; cũng cung cấp một la b&agrave;n kỹ thuật số. Cũng c&oacute; thể được theo d&otilde;i trong khoảng thời gian thiết lập để giới thiệu c&aacute;c tuyến đường của bạn thực hiện trong qu&aacute; tr&igrave;nh chụp.</p>\r\n\r\n<p>- C&ocirc;ng nghệ kiểm so&aacute;t độ rung gương ti&ecirc;n tiến hỗ trợ đặc biệt tốc độ chụp li&ecirc;n tiếp 7D Mark II v&agrave; gi&uacute;p duy tr&igrave; kết quả ph&ugrave; hợp.</p>\r\n\r\n<p>- Một hệ thống nhấp nh&aacute;y c&oacute; thể tự động cảnh b&aacute;o bạn, trong k&iacute;nh ngắm, khi một nguồn s&aacute;ng nhấp nh&aacute;y đ&atilde; được ph&aacute;t hiện. Những ảnh hưởng của c&aacute;c nguồn &aacute;nh s&aacute;ng c&oacute; thể được bồi thường bằng c&aacute;ch sử dụng chức năng chụp chống rung h&igrave;nh, v&agrave; sẽ tự động ghi lại h&igrave;nh ảnh chỉ trong trường hợp khối lượng &aacute;nh s&aacute;ng cao điểm. Hệ thống n&agrave;y đặc biệt hữu &iacute;ch cho việc giảm tiếp x&uacute;c hoặc m&agrave;u sắc kh&ocirc;ng ph&ugrave; hợp kết quả - 1 việc phổ biến khi li&ecirc;n tục chụp trong điều kiện &aacute;nh s&aacute;ng kh&oacute; khăn.</p>\r\n\r\n<p>- Trong m&aacute;y ảnh <a href=\"http://zshop.vn/may-anh-canon-dslr/\"><strong>Canon 7D Mark II</strong></a> c&oacute; thể chỉnh sửa cho một loạt c&aacute;c quang sai ống k&iacute;nh, bao gồm cả khả năng kiểm so&aacute;t &aacute;nh s&aacute;ng ngoại vi, quang sai m&agrave;u v&agrave; biến dạng kh&aacute;c. Khi l&agrave;m việc trong chế độ xem trực tiếp, c&aacute;c chức năng m&ocirc; phỏng h&igrave;nh ảnh c&oacute; thể được sử dụng để theo d&otilde;i những t&aacute;c động của điều chỉnh biến dạng cho tinh chỉnh kết quả.</p>\r\n\r\n<p>- Được trang bị cổng USB 3.0 c&oacute; tốc độ truyền nhanh giữa m&aacute;y ảnh 7D Mark II v&agrave; một m&aacute;y t&iacute;nh hoặc t&ugrave;y chọn WFT-E7 (Version 2) cho kết nối Wi-Fi.</p>\r\n\r\n<p>- Chế độ Picture Style cho ph&eacute;p bạn thiết lập được x&aacute;c định trước để nh&igrave;n h&igrave;nh ảnh trong m&aacute;y ảnh v&agrave; bao gồm tự động, ti&ecirc;u chuẩn, ch&acirc;n dung, phong cảnh, trung t&iacute;nh, Trung th&agrave;nh, đơn sắc, v&agrave; l&ecirc;n đến ba thiết lập người d&ugrave;ng định nghĩa.</p>\r\n\r\n<p><span style=\"font-size:14px\"><strong>-&nbsp;</strong></span>Hỗ trợ ng&ocirc;n ngữ: Anh, Đức, Ph&aacute;p, H&agrave; Lan, Đan Mạch, Bồ Đ&agrave;o Nha, Phần Lan, &Yacute;, Na Uy, Thụy Điển, T&acirc;y Ban Nha, Hy Lạp, Nga, Ba Lan, Cộng h&ograve;a S&eacute;c, Hungary, Romania, Ukraine, Thổ Nhĩ Kỳ, Ả Rập, Th&aacute;i, Tiếng Trung Quốc, truyền thống Trung Quốc , H&agrave;n Quốc, v&agrave; Nhật Bản.</p>\r\n', 1, 9, 26, '2014-12-02'),
(3, 'Sen Đô La', 1, 59898680, '<p><strong>Điểm nổi bật của sản phẩm</strong></p>\r\n\r\n<p>- Bộ cảm biến 22.3MP CMOS Full-Frame</p>\r\n\r\n<p>- ISO mở rộng(50-102400)</p>\r\n\r\n<p>- Bộ xử l&yacute; DiGiC 5</p>\r\n\r\n<p>- Chụp li&ecirc;n tiếp 6 h&igrave;nh/gi&acirc;y</p>\r\n\r\n<p>- M&agrave;n h&igrave;nh 3,2 inch, 1,04 triệu điểm ảnh</p>\r\n\r\n<p>- Khe cắm thẻ CF, SDXC</p>\r\n', '<h2 style=\"text-align:center\"><strong><span style=\"color:rgb(0, 0, 205); font-size:14px\">Canon 5D Mark III</span></strong></h2>\r\n\r\n<p><strong><span style=\"font-size:14px\">GIỚI THIỆU</span></strong></p>\r\n\r\n<p>Đạt giải thưởng danh gi&aacute; &ldquo;Best Video DSLR&rdquo; của Hiệp hội nhiếp ảnh b&aacute;o ch&iacute; TIPA 2012 v&agrave; giải &ldquo;Best Product 2012-2013&rdquo; cho Advanced SLR Camera của Hiệp hội &acirc;m thanh v&agrave; h&igrave;nh ảnh ch&acirc;u &Acirc;u EISA,&nbsp;<a href=\"http://zshop.vn/may-anh-canon-dslr/\"><strong>Canon 5D Mark III</strong></a><span style=\"color:rgb(44, 43, 43)\">&nbsp;đ&atilde; trở th&agrave;nh một trong những chiếc m&aacute;y ảnh c&oacute; t&iacute;nh s&aacute;ng tạo cao, kế nhiệm đ&agrave;n anh Canon EOS 5D Mark II v&agrave; l&agrave;m thỏa l&ograve;ng mong đợi của những người y&ecirc;u mến thương hiệu Canon. Được trang bị cảm biến Full Frame 35mm 22.3MP mạnh mẽ c&ugrave;ng vi xử l&yacute; ảnh DIGIC 5+ v&agrave; hệ thống lấy n&eacute;t 61 điểm tự động, chiếc m&aacute;y ảnh cho khả năng nhạy s&aacute;ng cao, tối ưu h&oacute;a tốc độ xử l&yacute;, khử nhiễu tốt v&agrave; tăng cường tốc độ xử l&yacute; l&ecirc;n gấp nhiều lần so với những d&ograve;ng th&ocirc;ng thường để ảnh lu&ocirc;n đẹp nhất mỗi lần bạn chụp trong bất kể t&igrave;nh huống n&agrave;o. Với việc được trang bị t&iacute;nh năng quay phim Full HD, đ&acirc;y ch&iacute;nh l&agrave; chiếc m&aacute;y ảnh chuy&ecirc;n nghiệp tiếp tục mang đến định nghĩa mới về nhiếp ảnh c&ugrave;ng cụm từ kh&aacute; th&uacute; vị: video-graphy, gi&uacute;p người thợ chụp sẵn s&agrave;ng ghi lại những khoảnh khắc qu&yacute; gi&aacute; của cuộc sống. C&ugrave;ng đ&oacute; l&agrave; những hỗ trợ cao cấp kh&aacute;c như khả kỹ thuật chụp HDR , cảm biến tự rũ bụi, ISO hỗ trợ l&ecirc;n đến 102.400, thiết kế mạnh mẽ, đ&uacute;ng chuẩn chuy&ecirc;n nghiệp khiến&nbsp;</span><a href=\"http://zshop.vn/may-anh-canon-dslr/\"><strong>Canon 5D Mark III</strong></a><span style=\"color:rgb(44, 43, 43)\">&nbsp;trở th&agrave;nh si&ecirc;u phẩm đ&aacute;ng mơ ước của bạn, những nhiếp ảnh gia t&agrave;i năng.</span></p>\r\n\r\n<p style=\"text-align:center\">&nbsp;</p>\r\n\r\n<p><span style=\"color:#0000cd\"><span style=\"font-size:14px\"><strong>T&Iacute;NH NĂNG NỔI BẬT</strong></span></span></p>\r\n\r\n<p><a href=\"http://zshop.vn/may-anh-canon-dslr/\"><strong>Canon 5D Mark III</strong></a><span style=\"color:rgb(44, 43, 43)\">&nbsp;&nbsp;</span><span style=\"color:rgb(44, 43, 43)\">trang bị&nbsp;</span><span style=\"background-color:initial; color:rgb(45, 45, 45); font-family:tahoma,arial,helvetica,sans-serif; font-size:13px\">cảm biến CMOS full-frame</span><span style=\"color:rgb(44, 43, 43)\">&nbsp;</span><strong>&nbsp;</strong><span style=\"color:rgb(44, 43, 43)\">k&iacute;ch thước 36x24mm c&oacute; độ ph&acirc;n giải nhỉnh hơn Mark II một ch&uacute;t, 22.3 Megapixel. Tuy vậy, chất lượng h&igrave;nh ảnh được đ&aacute;nh gi&aacute; r&otilde; n&eacute;t hơn, tuyệt vời hơn người tiền nhiệm Mark II do cảm biến mới c&oacute; nhi&ecirc;u cải tiến về cấu tr&uacute;c transistor, cũng như khả năng giảm nhiễu ngay tr&ecirc;n chip m&agrave; Canon trang bị cho con cưng mới.</span></p>\r\n\r\n<p><span style=\"color:rgb(44, 43, 43)\">Điểm cộng s&aacute;ng nhất của Mark III ch&iacute;nh l&agrave;&nbsp;</span><span style=\"background-color:initial; color:rgb(45, 45, 45); font-family:tahoma,arial,helvetica,sans-serif; font-size:13px\">chip xử l&yacute; ảnh DIGIC 5</span><span style=\"color:rgb(44, 43, 43)\">&nbsp;với tốc độ xử l&yacute; m&agrave; Canon tiết lộ l&agrave; mạnh gấp 17 lần so với DIGIC 4 của Mark II. Hơn cả, n&oacute; hứa hẹn cho h&igrave;nh ảnh r&otilde; n&eacute;t hơn,&nbsp; m&agrave;u sắc trung thực hơn v&agrave; sự chuyển m&agrave;u dịu hơn. Đồng thời, chất lượng h&igrave;nh ảnh cao hơn nhờ khả năng điều chỉnh ngoại vi, quang sai m&agrave;u v&agrave; khử nhiễu tốt hơn ở ISO cao (khi sử dụng với ống k&igrave;nh ngo&agrave;i) m&agrave; kh&ocirc;ng ảnh hưởng đến hiệu suất hoạt động của m&aacute;y. T&iacute;nh năng tr&ecirc;n cũng l&agrave; nhờ DIGIC 5 mang lại.</span></p>\r\n\r\n<p>&nbsp;</p>\r\n\r\n<p>Độ nhạy s&aacute;ng th&ocirc;ng thường từ&nbsp;, c&oacute; thể mở rộng ISO 100 - 25.600&nbsp;<span style=\"color:rgb(44, 43, 43)\">th&agrave;nh&nbsp;</span><span style=\"background-color:initial; color:rgb(45, 45, 45); font-family:tahoma,arial,helvetica,sans-serif; font-size:13px\">ISO 50 - 102.400</span><span style=\"color:rgb(44, 43, 43)\">, cho h&igrave;nh ảnh chất lượng cao. So với người tiền nhiệm Mark II, chất lượng ảnh của Mark III cải tiến đ&ocirc;i ch&uacute;t&nbsp; trong nhiều mặt: độ tương phản, độ ph&acirc;n giải, r&otilde; n&eacute;t chi tiết, v&agrave; đặc biệt l&agrave; ảnh chụp trong b&oacute;ng tối. Ở chế độ video, độ nhạy s&aacute;ng cao nhất l&agrave; ISO 25.600.</span></p>\r\n\r\n<div>Kh&ocirc;ng những thế, Canon 5D Mark III được người d&ugrave;ng đ&aacute;nh gi&aacute; cao nhờ kế thừa v&agrave; cải tiến c&aacute;c cảm biến cho m&aacute;y ảnh. Cụ thể l&agrave; Canon 5d Mark III kế thừa cảm biến lấy n&eacute;t tự động 61 điểm với 41 điểm crosstype từ EOS 1 D v&agrave; chế độ AI Servo III được cải tiến từ Mark II. Th&ecirc;m v&agrave;o đ&oacute;, Mark III c&ograve;n được trang bị cảm biến đo s&aacute;ng iFCL 2 lớp với 63 v&ugrave;ng đo. Đặc biệt, cảm biến n&agrave;y c&ograve;n hỗ trợ một chế độ đo s&aacute;ng gần với phạm chi 1,5%.</div>\r\n\r\n<div>&nbsp;</div>\r\n\r\n<p>&nbsp;</p>\r\n\r\n<div>Canon 5D Mark III c&oacute; thể quay phim chuẩn HD 720p ở tốc độ 60 v&agrave; 50 &nbsp;khung h&igrave;nh mỗi gi&acirc;y v&agrave; quay video 1080p ở tốc độ 24, 25 v&agrave; 30 khung h&igrave;nh mỗi gi&acirc;y. V&agrave; như đ&atilde; n&ecirc;u ở tr&ecirc;n, ISO của m&aacute;y đạt mức 100 đến 12.800 v&agrave; mở rộng l&ecirc;n tới mức 25.600 khi quay video chuẩn Full HD v&agrave; chất lượng &acirc;m thanh stereo. R&otilde; r&agrave;ng l&agrave; sản phẩm mới n&agrave;y của Canon lu&ocirc;n hướng đến sự thuận tiện cho người d&ugrave;ng, người d&ugrave;ng c&oacute; thể điều chỉnh c&aacute;c th&ocirc;ng số về độ nhạy s&aacute;ng ISO, tốc độ m&agrave;n trập, khẩu độ khi đang quay video để c&oacute; được những thước phim h&agrave;i l&ograve;ng. Ngo&agrave;i ra, Canon 5D Mark III được trang bị th&ecirc;m 1 jack cắm headphone để kiểm so&aacute;t &acirc;m thanh khi quay video. Độ d&agrave;i tối đa của clip l&agrave; 29 ph&uacute;t, 59 gi&acirc;y ở mọi độ ph&acirc;n giải.</div>\r\n\r\n<p>&nbsp;</p>\r\n\r\n<div>&nbsp;</div>\r\n\r\n<p><span style=\"background-color:rgb(255, 255, 255); color:rgb(44, 43, 43); font-family:arial,helvetica,sans-serif; font-size:12px\">Một số t&iacute;nh năng nhỏ nhưng cũng v&ocirc; c&ugrave;ng quan trọng g&oacute;p phần tạo n&ecirc;n th&agrave;nh c&ocirc;ng của&nbsp;</span><span style=\"color:rgb(45, 45, 45)\">Canon 5D Mark III:</span></p>\r\n\r\n<p><span style=\"background-color:rgb(255, 255, 255); color:rgb(44, 43, 43); font-family:arial,helvetica,sans-serif; font-size:12px\">- C&oacute; lớp vỏ l&agrave;m từ hợp kim ma-gi&ecirc; được Canon th&ocirc;ng b&aacute;o l&agrave; cho khả năng chống chọi thời tiết, độ ẩm v&agrave; nhiệt độ tốt hơn so với phi&ecirc;n bản trước</span></p>\r\n\r\n<p><span style=\"color:rgb(44, 43, 43)\">- Bộ phận rung để rũ bỏ bụi tr&ecirc;n cảm biến</span></p>\r\n\r\n<p>- Chế độ chụp y&ecirc;n lặng gi&uacute;p giảm ồn khi chụp</p>\r\n\r\n<p>- K&iacute;nh ngắm đạt v&ugrave;ng phủ 100%</p>\r\n\r\n<p>- Hai khe cắm thẻ nhớ</p>\r\n\r\n<p>- bộ pin phụ BG-E11 c&oacute; thể tăng gấp đ&ocirc;i thời lượng chụp</p>\r\n\r\n<p><span style=\"color:rgb(44, 43, 43)\">Một số di chuyển trong vị tr&iacute; c&aacute;c n&uacute;t bấm cũng tạo n&ecirc;n sự hợp l&yacute; v&agrave; h&agrave;i h&ograve;a hơn. C&aacute;c n&uacute;t Menu v&agrave; Info được đặt ở ph&iacute;a tr&ecirc;n b&ecirc;n tr&aacute;i. D&atilde;y 5 n&uacute;t Creative Style, n&uacute;t Rate mới, n&uacute;t Zoom, v&agrave; cuối c&ugrave;ng l&agrave; n&uacute;t xem lại (Playback) v&agrave; n&uacute;t x&oacute;a (Delete) nằm b&ecirc;n tr&aacute;i m&agrave;n h&igrave;nh LCD. Ph&iacute;a dưới m&agrave;n h&igrave;nh LCD c&oacute; ba lỗ nhỏ cho loa, v&agrave; một n&uacute;m tr&ograve;n nhỏ l&agrave; cảm biến &aacute;nh s&aacute;ng xung quanh, c&oacute; t&aacute;c dụng tự động điều chỉnh đ&egrave;n nền của m&agrave;n h&igrave;nh LCD.</span></p>\r\n\r\n<p>&nbsp;</p>\r\n\r\n<p><strong>Cảm biến Full Frame 35mm 22.3MP</strong></p>\r\n\r\n<p>Tương tự như tr&ecirc;n d&ograve;ng m&aacute;y cao cấp hơn flag-ship EOS-1Ds Mark III, Canon 5D Mark III được trang bị cảm biến Full Frame 35mm, độ ph&acirc;n giải cao 22.3MP, cho chất lượng h&igrave;nh ảnh vượt trội nhờ khả năng nhạy s&aacute;ng cao, tối ưu h&oacute;a tốc độ xử l&yacute; v&agrave; khử nhiễu khi chụp ở ISO cao, cho ảnh đẹp sắc n&eacute;t, r&otilde; r&agrave;ng đến từng chi tiết c&ugrave;ng m&agrave;u sắc sống động v&agrave; trung thực đến kh&ocirc;ng ngờ.</p>\r\n\r\n<p>&nbsp;</p>\r\n\r\n<p><strong>Vi xử l&yacute; ảnh ti&ecirc;n tiến DIGIC 5+</strong></p>\r\n\r\n<p>Tiếp tục những cải tiến mới so với thế hệ trước đ&oacute;, vi xử l&yacute; DIGIC 5+ cho khả năng truyền dữ liệu si&ecirc;u tốc nhờ đường truyền t&iacute;n hiệu đa k&ecirc;nh (nhanh hơn 30% so với DIGIC 5) cũng như c&acirc;n bằng trắng đa v&ugrave;ng, v&agrave; n&acirc;ng cao khả năng phản ứng chụp của m&aacute;y, để ảnh lu&ocirc;n đẹp bất kể t&igrave;nh huống n&agrave;o.</p>\r\n\r\n<p>&nbsp;</p>\r\n\r\n<p><strong>Hệ thống lấy n&eacute;t 61 điểm c&ugrave;ng cảm biến đo s&aacute;ng 63 v&ugrave;ng</strong></p>\r\n\r\n<p>Thừa hưởng hệ thống lấy n&eacute;t 61 điểm tự động với 41 điểm lấy n&eacute;t cross-type từ si&ecirc;u phẩm Canon EOS-1D X, Canon 5D Mark III cho khả năng lấy n&eacute;t tự động nhanh v&agrave; ch&iacute;nh x&aacute;c hơn, đạt tốc độ chụp 6fps để bạn kịp thời nắm bắt mọi khoảnh khắc tho&aacute;ng qua đồng thời để ảnh lu&ocirc;n đẹp nhất mỗi lần bạn bấm m&aacute;y. Cảm biến đo s&aacute;ng đa lớp 63 v&ugrave;ng iFCL được thiết kế mỗi lớp sẽ nhạy cảm với một bước s&oacute;ng kh&aacute;c nhau của &aacute;nh s&aacute;ng sau đ&oacute; sẽ d&ugrave;ng thuật to&aacute;n kết hợp lại cho ra kết quả đo s&aacute;ng đạt độ ch&iacute;nh x&aacute;c cao, bất kể t&igrave;nh huống n&agrave;o v&agrave; bất chấp m&agrave;u sắc chủ đạo l&agrave; g&igrave;.</p>\r\n\r\n<div>&nbsp;</div>\r\n\r\n<p><strong>Trang bị quay phim Full HD tr&ecirc;n một m&aacute;y chụp ảnh chuy&ecirc;n nghiệp</strong></p>\r\n\r\n<p>L&agrave; d&ograve;ng m&aacute;y chuy&ecirc;n nghiệp đầu ti&ecirc;n được trang bị khả năng quay phim chuẩn Full HD, tốc độ 30fps, m&atilde; h&oacute;a H.264 x&oacute;a mờ khoảng c&aacute;ch giữa một chiếc m&aacute;y ảnh chuy&ecirc;n nghiệp v&agrave; một chiếc m&aacute;y quay phim, tạo một định nghĩa mới về kh&aacute;i niệm nhiếp ảnh: video-graphy, đồng thời gi&uacute;p bạn lưu lại những khoảng khắc qu&yacute; gi&aacute; của cuộc sống.</p>\r\n\r\n<p>&nbsp;</p>\r\n\r\n<p><strong>Dải nhạy s&aacute;ng rộng 100-25.600, mở rộng đến 102.400</strong></p>\r\n\r\n<div>Dải ISO rộng đặc biệt quan trọng khi cho ph&eacute;p bạn đ&oacute;ng băng để chụp được những h&igrave;nh ảnh chuyển động nhanh v&agrave; chụp ảnh trong điều kiện &aacute;nh s&aacute;ng yếu. Với tốc độ chụp li&ecirc;n tục 6fps ở độ ph&acirc;n giải cao, Canon 5D Mark III cho bạn dễ d&agrave;ng nắm bắt những h&igrave;nh ảnh th&uacute; vị, độc đ&aacute;o của những đối tượng quanh m&igrave;nh.</div>\r\n\r\n<div>&nbsp;</div>\r\n\r\n<p><strong>Hỗ trợ chụp ảnh gốc RAW v&agrave; kỹ thuật chụp HDR&nbsp;</strong></p>\r\n\r\n<p>Kỹ thuật chụp ảnh HDR (High Dynamic Range) của &hellip;Canon 5D Mark III cho ph&eacute;p mở rộng dải tần nhạy s&aacute;ng nhằm m&ocirc; tả chi tiết v&agrave; trung thực nhất những g&igrave; m&agrave; mắt thường nh&igrave;n thấy được trong khi chụp. Ngo&agrave;i ra, nhắm đến đối tượng l&agrave; c&aacute;c nhiếp ảnh gia chuy&ecirc;n chụp h&igrave;nh thời trang, ảnh cưới, studio, phong cảnh&hellip;Canon 5D Mark III hỗ trợ chế độ chụp ảnh RAW 14-bit để người cầm m&aacute;y lu&ocirc;n c&oacute; những dữ liệu ảnh gốc qu&yacute; gi&aacute; phụ vụ cho việc chỉnh sửa theo mục đ&iacute;ch v&agrave; &yacute; muốn.</p>\r\n\r\n<p>&nbsp;</p>\r\n\r\n<p><strong>Thiết kế mạnh mẽ</strong></p>\r\n\r\n<p>Với thiết kế mạnh mẽ c&ugrave;ng h&igrave;nh d&aacute;ng vu&ocirc;ng vắn, khỏe khoắn, Canon 5D Mark III đem đến cho người d&ugrave;ng cảm gi&aacute;c thật sự chuy&ecirc;n nghiệp khi cầm tr&ecirc;n tay. B&aacute;ng cầm rộng bọc cao su mềm cho cảm gi&aacute;c cầm nắm chắc chắn v&agrave; giảm thiểu tối đa hiện tượng rung lắc khi ngắm chụp, để ảnh lu&ocirc;n đạt chất lượng tối ưu bất kể t&igrave;nh huống n&agrave;o. M&agrave;n h&igrave;nh rộng 3.2&rdquo; gi&uacute;p bạn thoải m&aacute;i xem lại ảnh đ&atilde; chụp, đồng thời được chống ch&oacute;i v&agrave; chống trầy xước, hỗ trợ tối đa người d&ugrave;ng ở những g&oacute;c chụp kh&oacute;.</p>\r\n', 1, 12, 5, '2014-12-02'),
(4, 'Sen Thược Dược', 1, 13898570, '<p><strong>Điểm nổi bật của sản phẩm</strong></p>\r\n\r\n<p><span style=\"color:rgb(45, 45, 45)\">- Cảm biến: 18 megapixel APS-C Hybrid CMOS</span></p>\r\n\r\n<p>- Bộ xử l&iacute; h&igrave;nh ảnh: DIGIC 5, chụp được ảnh RAW 14 bit</p>\r\n\r\n<p>- ISO: 100 đến 12.800, mở rộng đến 25.600</p>\r\n\r\n<p>-&nbsp;<span style=\"color:rgb(0, 0, 0)\">Hệ thống lấy n&eacute;t: 9 điểm, to&agrave;n bộ l&agrave; điểm cross type</span></p>\r\n\r\n<p>- Chụp ảnh li&ecirc;n tục: 5 khung h&igrave;nh/gi&acirc;y</p>\r\n', '<h2 style=\"text-align:center\"><strong>Canon 700D</strong></h2>\r\n\r\n<div>\r\n<h2>&nbsp;</h2>\r\n\r\n<p><span style=\"font-size:14px\"><span style=\"color:rgb(0, 0, 205)\"><strong>GIỚI THIỆU</strong></span></span></p>\r\n\r\n<p><strong><a href=\"http://zshop.vn/may-anh-canon-dslr/\">M&aacute;y ảnh</a> Canon 700D</strong>&nbsp;sở hữu cảm biến Hybrid CMOS độ ph&acirc;n giải 18 megapixel, chip xử l&yacute; h&igrave;nh ảnh DIGIC 5 v&agrave; m&agrave;n h&igrave;nh cảm ứng điện dung k&iacute;ch thước 3.2 inch độ ph&acirc;n giải hơn 1 triệu điểm ảnh.&nbsp;Canon 700D&nbsp;c&oacute; tốc độ chụp 5fps với 9 điểm AF. Dải ISO dao động từ 100-12.800, mở rộng l&ecirc;n đến 25.600.</p>\r\n</div>\r\n\r\n<p>&nbsp;</p>\r\n\r\n<p>&nbsp;\r\n<p><br />\r\nB&ecirc;n cạnh chiếc&nbsp;<span style=\"color:#000000\">Canon 100D</span>, h&ocirc;m nay Canon cũng đ&atilde; ra mắt&nbsp;<a href=\"http://zshop.vn/may-anh-canon-dslr/\"><strong>Canon 700D</strong></a><span style=\"color:rgb(0, 0, 0)\">&nbsp;để tiếp nối cho chiếc&nbsp;</span><span style=\"color:#000000\">Canon 650D</span><span style=\"color:rgb(0, 0, 0)\">. Cấu h&igrave;nh của&nbsp;</span>Canon 700D<span style=\"color:rgb(0, 0, 0)\">&nbsp;tương tự như người tiền nhiệm, bao gồm&nbsp;</span><span style=\"color:rgb(0, 0, 0)\">cảm biến APS-C Hybrid CMOS 18 megapixel hỗ trợ t&iacute;nh năng lấy n&eacute;t tương phản</span><span style=\"color:rgb(0, 0, 0)\">&nbsp;b&ecirc;n cạnh lấy n&eacute;t pha, bộ xử l&iacute; DIGIC 5, hệ thống lấy n&eacute;t với 9 điểm chữ thập, t&iacute;nh năng quay phim Full-HD. Điểm kh&aacute;c biệt của Canon 700D so với 650D đ&oacute; l&agrave; m&aacute;y đi k&egrave;m theo ống kit EF-S 18-55mm f/3.5-5.6 IS STM. Lens n&agrave;y sử dụng m&ocirc;-tơ bước (Stepper Motor) giống với&nbsp;</span><span style=\"color:rgb(0, 0, 0)\">ống 18-135mm STM v&agrave; pancake 40mm STM</span><span style=\"color:rgb(0, 0, 0)\">, do đ&oacute; mang lại khả năng lấy n&eacute;t nhanh v&agrave; &ecirc;m &aacute;i, đặc biệt l&agrave; khi kết hợp với hệ thống lấy n&eacute;t lai của&nbsp;Canon 700D.</span></p>\r\n</p>\r\n\r\n<p>&nbsp;</p>\r\n\r\n<p>Canon cho biết th&ecirc;m rằng phần b&aacute;ng cầm tay bọc cao su v&agrave; b&aacute;nh xe chọn chế độ chụp tr&ecirc;n&nbsp;Canon 700D&nbsp;đ&atilde; được cải tiến để người d&ugrave;ng cảm thấy tiện v&agrave; thoải m&aacute;i hơn. B&aacute;nh xe n&agrave;y c&oacute; thể xoay 360 độ, gi&uacute;p người d&ugrave;ng nhanh ch&oacute;ng truy cập chế độ chụp đ&ecirc;m, chụp HDR v&agrave; những chế độ cảnh kh&aacute;c m&agrave; kh&ocirc;ng phải vất vả đ&agrave;o s&acirc;u v&agrave;o nhiều menu như 650D.</p>\r\n\r\n<p><br />\r\nVới&nbsp;Canon 700D&nbsp;khi chụp ở chế độ Live View, người d&ugrave;ng c&oacute; thể xem trước một trong 7 bộ lọc hiệu ứng theo thời gian thực.&nbsp;Movie Servo AF&nbsp;l&agrave; một chế độ đ&atilde; từng c&oacute; mặt tr&ecirc;n&nbsp;<span style=\"color:#000000\">Canon 650D</span>&nbsp;v&agrave; b&acirc;y giờ n&oacute; tiếp tục xuất hiện tr&ecirc;n&nbsp;<a href=\"http://zshop.vn/may-anh-canon-dslr/\"><strong>Canon 700D</strong></a><span style=\"color:rgb(0, 0, 0)\">. Chế độ n&agrave;y sử dụng khả năng lấy n&eacute;t lai để lấy n&eacute;t li&ecirc;n tục khi quay phim, tuy nhi&ecirc;n n&oacute; chỉ c&oacute; thể d&ugrave;ng với&nbsp;</span><span style=\"color:rgb(0, 0, 0)\">c&aacute;c ống k&iacute;nh STM</span><span style=\"color:rgb(0, 0, 0)\">&nbsp;m&agrave; th&ocirc;i.</span></p>\r\n\r\n<p><br />\r\nTheo dự kiến,&nbsp;<a href=\"http://zshop.vn/may-anh-canon-dslr/\"><strong>Canon 700D</strong></a>&nbsp;sẽ được b&aacute;n ra trong th&aacute;ng sau với gi&aacute; 749,99$ cho th&acirc;n m&aacute;y; 899,99$ đi k&egrave;m ống&nbsp;EF-S 18-55mm STM; v&agrave; 1099,99$ nếu đi k&egrave;m ống EF-S 18-135mm STM. Lens EF-S 18-55mm f/3.5-5.6 IS STM cũng sẽ l&ecirc;n kệ với c&ugrave;ng thời điểm như tr&ecirc;n v&agrave; gi&aacute; b&aacute;n l&agrave; 249,99$.</p>\r\n\r\n<p>&nbsp;</p>\r\n\r\n<p><span style=\"color:#0000cd\"><span style=\"font-size:14px\"><strong>T&Iacute;NH NĂNG NỔI BẬT</strong></span></span></p>\r\n\r\n<p><strong>Hệ thống tự động lấy n&eacute;t lai Hybrid AF</strong></p>\r\n\r\n<p>L&agrave; mẫu EOS đầu ti&ecirc;n sử dụng hệ thống lấy n&eacute;t tự động lai Hybrid AF,&nbsp;Canon 700D&nbsp;cho ph&eacute;p kết hợp giữa lấy n&eacute;t theo pha&nbsp;9 điểm (Phase Detection)&nbsp;v&agrave; lấy n&eacute;t theo độ tương phản (Contract AF), gi&uacute;p cho việc lấy n&eacute;t cực nhanh với độ ch&iacute;nh x&aacute;c cao, ngay cả trong trường hợp thiếu s&aacute;ng hoặc chủ thể ảnh đang di chuyển. Hệ thống lấy n&eacute;t lai n&agrave;y đặc biệt hữu dụng trong chế độ Live View khi gương lật gập xuống v&agrave; lấy n&eacute;t theo pha kh&ocirc;ng hoạt động được.</p>\r\n\r\n<p>&nbsp;</p>\r\n\r\n<p><strong>Sức mạnh vi xử l&yacute; DIGIC 5 c&ugrave;ng cảm biến lai Hybrid CMOS 18.0MP</strong></p>\r\n\r\n<p>Với những cải tiến mới so với đời trước,&nbsp;DIGIC 5&nbsp;được tăng cường khả năng khử nhiễu khi chụp ở ISO cao v&agrave; c&acirc;n bằng trắng đa v&ugrave;ng cho h&igrave;nh ảnh đẹp mịn m&agrave;ng với m&agrave;u sắc tự nhi&ecirc;n, ch&acirc;n thực ngay trong khung cảnh c&oacute; nhiều nguồn chiếu s&aacute;ng phức tạp. Cảm biến lai&nbsp;Hybrid CMOS&nbsp;k&iacute;ch thước 22.3 x 14.9mm cho tốc độ truyền dữ liệu si&ecirc;u tốc, tối ưu h&oacute;a khả năng xử l&yacute; ảnh nhờ đường truyền t&iacute;n hiệu đa k&ecirc;nh, đồng thời tăng khả năng phản ứng của m&aacute;y cho ảnh đẹp bất kể t&igrave;nh huống n&agrave;o.</p>\r\n\r\n<p>&nbsp;</p>\r\n\r\n<p><strong>Dải nhạy s&aacute;ng rộng 100-12800, mở rộng đến 25600</strong></p>\r\n\r\n<p>Dải ISO rộng đặc biệt quan trọng khi cho ph&eacute;p bạn đ&oacute;ng băng để chụp được những h&igrave;nh ảnh chuyển động nhanh v&agrave; chụp ảnh trong điều kiện &aacute;nh s&aacute;ng yếu. Với tốc độ chụp li&ecirc;n tục 5fps ở độ ph&acirc;n giải cao v&agrave; chụp li&ecirc;n tục l&ecirc;n đến 22 tấm,&nbsp;<a href=\"http://zshop.vn/may-anh-canon-dslr/\"><strong>Canon 700D</strong></a>&nbsp;cho bạn dễ d&agrave;ng nắm bắt những h&igrave;nh ảnh th&uacute; vị, độc đ&aacute;o của những đối tượng quanh m&igrave;nh.</p>\r\n\r\n<p>&nbsp;</p>\r\n\r\n<p><strong>Quay phim Full HD chế độ Movie Servo AF</strong></p>\r\n\r\n<p>Ngo&agrave;i khả năng quay phim Full HD chuẩn &acirc;m thanh stereo tốc độ 30fps,&nbsp;Canon 700D&nbsp;c&ograve;n thu h&uacute;t người d&ugrave;ng bởi chế độ Movie Servo AF cho khả năng lấy n&eacute;t tự động to&agrave;n thời gian quay thay v&igrave; lấy n&eacute;t bằng tay như c&aacute;c d&ograve;ng EOS trước. B&ecirc;n cạnh đ&oacute;, m&aacute;y c&ograve;n hỗ trợ th&ecirc;m chế độ Video Snapshot, cho ph&eacute;p người d&ugrave;ng quay những đoạn phim ngắn từ 2-8 gi&acirc;y, rồi bi&ecirc;n tập lại với nhau ngay tr&ecirc;n m&aacute;y.</p>\r\n\r\n<p>&nbsp;</p>\r\n\r\n<p><strong>Cảm biến đo s&aacute;ng iFCL 63 v&ugrave;ng</strong></p>\r\n\r\n<p>Cảm biến đo s&aacute;ng đa lớp 63 v&ugrave;ng iFCL được thiết kế mỗi lớp sẽ nhạy cảm với một bước s&oacute;ng kh&aacute;c nhau của &aacute;nh s&aacute;ng sau đ&oacute; sẽ d&ugrave;ng thuật to&aacute;n kết hợp lại cho ra kết quả đo s&aacute;ng đạt độ ch&iacute;nh x&aacute;c cao, bất kể t&igrave;nh huống n&agrave;o v&agrave; bất chấp m&agrave;u sắc chủ đạo l&agrave; g&igrave;.</p>\r\n\r\n<p>&nbsp;</p>\r\n\r\n<p><strong>T&iacute;ch cực cải tiến so với đời trước</strong></p>\r\n\r\n<p>So với&nbsp;<span style=\"color:#000000\">Canon 650D</span>,&nbsp;Canon 700D&nbsp;đ&atilde; c&oacute; những cải tiến đ&aacute;ng kể v&agrave; ho&agrave;n thiện như:</p>\r\n\r\n<p>- M&aacute;y k&egrave;m ống&nbsp;STM&nbsp;lấy n&eacute;t &ecirc;m v&agrave; ch&iacute;nh x&aacute;c khi quay phim.</p>\r\n\r\n<p>- Lớp phủ nh&aacute;m tr&ecirc;n th&acirc;n m&aacute;y gi&uacute;p cầm nắm v&agrave; thao t&aacute;c chắc tay.</p>\r\n\r\n<p>- V&ograve;ng chỉnh chế độ chụp c&oacute; thể xoay tr&ograve;n 360 độ.</p>\r\n\r\n<p>- Creative filter c&oacute; thể được xem trước khi chụp, để quyết định cảnh chụp nao d&ugrave;ng hiệu ứng n&agrave;o sẽ tuyệt vời hơn.</p>\r\n\r\n<p>&nbsp;</p>\r\n\r\n<p><strong>M&agrave;n h&igrave;nh cảm ứng lật xoay 3&rdquo;</strong></p>\r\n\r\n<p>Tương tự như tr&ecirc;n 650D,&nbsp;<a href=\"http://zshop.vn/may-anh-canon-dslr/\"><strong>Canon 700D</strong></a>&nbsp;được trang bị m&agrave;n h&igrave;nh LCD cảm ứng điện dung đa điểm, c&oacute; khả năng xoay lật linh hoạt, gi&uacute;p bạn thoải m&aacute;i ngắm, chụp ở mọi g&oacute;c độ kh&oacute;, khi bạn sử dụng tripod hoặc chụp từ hướng tr&ecirc;n đỉnh đầu m&igrave;nh xuống. M&agrave;n h&igrave;nh cảm ứng c&ograve;n đặc biệt hữu &iacute;ch khi người d&ugrave;ng c&oacute; thể chỉnh n&eacute;t v&agrave; nhấn chụp ngay tr&ecirc;n m&agrave;n h&igrave;nh hoặc d&ugrave;ng ng&oacute;n tay để zoom h&igrave;nh to l&ecirc;n hoặc thu nhỏ h&igrave;nh nhỏ lại.</p>\r\n\r\n<p>&nbsp;</p>\r\n\r\n<p><strong>Hỗ trợ tối đa người sử dụng</strong></p>\r\n\r\n<p>Giao diện hướng dẫn của&nbsp;Canon 700D&nbsp;được tr&igrave;nh b&agrave;y hết sức trực quan v&agrave; dễ hiểu, hỗ trợ tối đa những người mới bắt đầu sử dụng DSLR. Ngo&agrave;i ra với mục đ&iacute;ch phục vụ những nhiếp ảnh gia mới v&agrave;o nghề, m&aacute;y c&ograve;n được t&iacute;ch hợp hai chế độ chụp mới l&agrave; chế độ chụp cảnh đ&ecirc;m Handheld Night Scene v&agrave; chế độ ngược s&aacute;ng HDR Backlight Control gi&uacute;p cho việc chụp ảnh của bạn dễ d&agrave;ng hơn bao giờ hết.</p>\r\n\r\n<p><br />\r\n<span style=\"font-size:12px\"><strong>Cấu h&igrave;nh của&nbsp;Canon 700D</strong></span></p>\r\n\r\n<p>- Cảm biến: 18 megapixel APS-C Hybrid CMOS</p>\r\n\r\n<p>- Bộ xử l&iacute; h&igrave;nh ảnh Canon 700D: DIGIC 5, chụp được ảnh RAW 14 bit</p>\r\n\r\n<p>- ISO: 100 đến 12.800, mở rộng đến 25.600</p>\r\n\r\n<p>- Chụp ảnh li&ecirc;n tục của Canon 700D: 5 khung h&igrave;nh/gi&acirc;y</p>\r\n\r\n<p>- M&agrave;n h&igrave;nh: LCD cảm ứng điện dung 3&quot; độ ph&acirc;n giải 1.040.000 pixel, lật xoay</p>\r\n\r\n<p>- Viewfinder: quang học, c&oacute; độ bao phủ 95%</p>\r\n\r\n<p>- Hệ thống lấy n&eacute;t: 9 điểm, to&agrave;n bộ l&agrave; điểm cross type</p>\r\n\r\n<p>- Canon 700D c&oacute; khả năng lấy n&eacute;t theo pha v&agrave; theo độ tương phản</p>\r\n\r\n<p>- Quay phim Full-HD, tốc độ 24/25/30 fps, micro stereo, lấy n&eacute;t li&ecirc;n tục khi quay phim (Movie Servo AF)</p>\r\n\r\n<p>- Canon 700D hỗ trợ 7 bộ lọc hiệu ứng (Creative Filters: sơn đậm, m&agrave;u nước, ảnh trắng đen, soft focus, camera đồ chơi, hiệu ứng mắt c&aacute;, hiệu ứng thu nhỏ), c&oacute; thể xem những bộ lọc n&agrave;y theo thời gian thực trong chế độ Live View m&agrave; kh&ocirc;ng phải chụp ngay</p>\r\n\r\n<p>- Đi k&egrave;m ống kit EF-S 18-55mm f/3.5- 5.6 IS STM</p>\r\n\r\n<p>- K&iacute;ch thước: 133 x 100 x 79 mm</p>\r\n\r\n<p>- Trọng lượng Canon 700D: 580g</p>\r\n', 1, 11, 3, '2014-12-03');
INSERT INTO `products` (`ProID`, `ProName`, `CatID`, `Price`, `TinyDes`, `FullDes`, `Classify`, `Quantity`, `NView`, `DayAdd`) VALUES
(14, 'Terrarium Red Car', 2, 14900820, '<p>Điểm nổi bật của sản phẩm</p>\r\n\r\n<p>&nbsp;</p>\r\n\r\n<p>- Độ ph&acirc;n giải 24.2MP, cảm biến CMOS APS-C</p>\r\n\r\n<p>- Bộ xử l&yacute; h&igrave;nh ảnh Expeed 4</p>\r\n\r\n<p>- Dải ISO 100 - 12800 (mở rộng 25600)</p>\r\n\r\n<p>- 39 điểm lấy n&eacute;t tự động</p>\r\n\r\n<p>- M&agrave;n h&igrave;nh LCD 3&quot;2</p>\r\n\r\n<p>- Chụp li&ecirc;n tiếp 5 h&igrave;nh/gi&acirc;y</p>\r\n', '<h2><strong>M&aacute;y Ảnh Nikon D5300</strong></h2>\r\n\r\n<p>&nbsp;</p>\r\n\r\n<p><strong>GIỚI THIỆU</strong></p>\r\n\r\n<p><strong>-&nbsp;<a href=\"http://zshop.vn/may-anh-nikon-dslr/\">M&aacute;y ảnh DSLR Nikon</a>&nbsp;D5300</strong>&nbsp;c&oacute; định dạng cảm biến DX 24,2 megapixel v&agrave; bộ xử l&yacute; ảnh EXPEED 4 để cho ra h&igrave;nh ảnh c&oacute; độ ph&acirc;n giải caov&agrave; video full HD với độ nhạy đ&aacute;ng ch&uacute; &yacute;, &aacute;nh s&aacute;ng ti&ecirc;u chuẩn ISO 12800 v&agrave; tốc độ chụp li&ecirc;n tiếp 5 fps nhanh. Thiết kế cảm biến quang học, bỏ qua c&aacute;c bộ lọc th&ocirc;ng thấp truyền thống để đạt được độ sắc n&eacute;t v&agrave; độ ph&acirc;n giải tối đa của cả h&igrave;nh ảnh v&agrave; video. M&aacute;y ảnh<strong>Nikon D5300</strong>&nbsp;c&oacute; cả một hệ thống tự động lấy n&eacute;t linh hoạt 39 điểm, với ch&iacute;n bộ cảm biến cross-type, v&agrave; một bộ cảm biến RGB 2.016 điểm ảnh cho đo tiếp x&uacute;c ch&iacute;nh x&aacute;c trong điều kiện &aacute;nh s&aacute;ng. Ngo&agrave;i ra, &nbsp;quay phim 1080p 1920 x được hỗ trợ, trong nhiều tốc độ khung h&igrave;nh l&ecirc;n đến 60 fps, với khả năng tập trung tự động linh hoạt.</p>\r\n\r\n<p>&nbsp;</p>\r\n\r\n<p>- M&aacute;y ảnh&nbsp;<strong>Nikon D5300&nbsp;</strong>Nhỏ gọn, nhưng thiết kế bền bỉ, th&acirc;n m&aacute;y kết hợp cả một k&iacute;nh ngắm quang học pentamirror c&ugrave;ng với một m&agrave;n h&igrave;nh LCD lớn 3,2 &quot;1037 k-dot đa g&oacute;c, c&oacute; thiết kế t&iacute;nh năng &nbsp;xoay 180&deg; để hỗ trợ tốt hơn khi sử dụng ở nhiều g&oacute;c độ cao v&agrave; thấp. Ngo&agrave;i ra, Nikon c&ograve;n t&iacute;ch hợp v&agrave;o m&aacute;y ảnh Nikon D5300 cả Wi-Fi v&agrave; GPS, cho ph&eacute;p khả năng chia sẻ h&igrave;nh ảnh ti&ecirc;n tiến cũng như định vị, gắn thẻ ảnh. Khi kết hợp với một thiết bị di động Android hay iOS, c&oacute; thể xem từ xa v&agrave; kiểm so&aacute;t ảnh chụp.</p>\r\n\r\n<p>&nbsp;</p>\r\n\r\n<p>- M&aacute;y ảnh&nbsp;<strong>Nikon D5300</strong>&nbsp;cho giao diện của h&igrave;nh ảnh trong m&aacute;y ảnh tăng cường s&aacute;ng tạo, một loạt c&aacute;c chế độ kiểm so&aacute;t h&igrave;nh ảnh, chế độ Scene, v&agrave; đặc biệt chế độ hiệu ứng c&oacute; sẵn cũng như một loạt c&aacute;c h&igrave;nh ảnh trong m&aacute;y ảnh c&oacute; khả năng chỉnh sửa để điều chỉnh c&aacute;c thiết lập trước khi chia sẻ. Chế độ D-Lighting cũng c&oacute; thể được sử dụng để tối ưu h&oacute;a kết quả tiếp x&uacute;c v&agrave; c&aacute;c chi tiết cho một phạm vi mở rộng của &acirc;m thanh r&otilde; r&agrave;ng.</p>\r\n\r\n<p>&nbsp;</p>\r\n\r\n<p><img alt=\"Nikon D5300\" src=\"http://zshop.vn/images/detailed/31/D5300_BK_18_140_LCD_3_verge_super_wide.jpg\" style=\"height:323px; margin:0px; width:501px\" /></p>\r\n\r\n<p>Nikon D5300</p>\r\n\r\n<p>&nbsp;</p>\r\n\r\n<p><strong>T&Iacute;NH NĂNG NỔI BẬT</strong></p>\r\n\r\n<p><strong>Nikon D5300 Với bộ cảm biến DX-Format 24.2MP v&agrave; bộ xử l&yacute; EXPEED 4</strong></p>\r\n\r\n<p>Cảm biến trong m&aacute;y ảnh Nikon D5300 định dạng CMOS 24,2 megapixel v&agrave; bộ vi xử l&yacute; EXPEED 4 kết hợp với nhau để sản xuất h&igrave;nh ảnh chất lượng cao với chi tiết đ&aacute;ng ch&uacute; &yacute;, phạm vi hoạt động, độ ch&iacute;nh x&aacute;c m&agrave;u sắc, v&agrave; độ nhạy &aacute;nh s&aacute;ng theo ti&ecirc;u chuẩn ISO 12800, mở rộng tới ISO 25600. Ngo&agrave;i ra,&nbsp;<strong>Nikon D5300&nbsp;</strong>thiết kế của cảm biến bỏ qua một bộ lọc th&ocirc;ng thấp quang học để c&oacute; được độ sắc n&eacute;t v&agrave; chi tiết nhất của c&aacute;c đối tượng. 4 bộ xử l&yacute; EXPEED cũng cho ph&eacute;p một sự nhanh ch&oacute;ng của tốc độ to&agrave;n bộ hệ thống m&aacute;y ảnh, bao gồm hỗ trợ cho bộ phim HD full 1080p v&agrave; tốc độ chụp li&ecirc;n tiếp 5 fps.</p>\r\n\r\n<p>&nbsp;</p>\r\n\r\n<p><strong>Cảm biến Multi-CAM 4800DX lấy n&eacute;t tự động</strong></p>\r\n\r\n<p>- Chất lượng h&igrave;nh ảnh cao l&agrave; nhờ m&aacute;y ảnh Nikon D5300 c&oacute; một hệ thống AF sử dụng 39 điểm AF ri&ecirc;ng biệt, trong đ&oacute; c&oacute; ch&iacute;n bộ cảm biến cross-type, để nhanh ch&oacute;ng c&oacute; được tập trung trong một loạt c&aacute;c điều kiện &aacute;nh s&aacute;ng, từ -1 đến +19 EV. Một chế độ 3D-theo d&otilde;i duy nhất sử dụng c&aacute;c bộ cảm biến RGB 2.016 điểm ảnh để duy tr&igrave; tập trung mạnh v&agrave;o chuyển động. M&aacute;y ảnh&nbsp;<strong>Nikon D5300</strong>&nbsp;để ph&ugrave; hợp hơn với chủ đề cụ thể khi l&agrave;m việc trong AF-A hoặc chế độ lấy n&eacute;t AF-C, chế độ lấy n&eacute;t động cho ph&eacute;p bạn chọn từ 9, 21, hoặc c&aacute;c mảng 39 điểm để tăng cường theo d&otilde;i đối tượng, ngay cả khi sau một thời gian ngắn chủ đề rời khỏi khung h&igrave;nh. Single-point AF, theo d&otilde;i 3D, v&agrave; v&ugrave;ng chế độ tự động AF cũng c&oacute; sẵn.</p>\r\n\r\n<p>&nbsp;</p>\r\n\r\n<p>- Khi l&agrave;m việc trong chế độ live view, một hệ thống AF tương phản được sử dụng để c&oacute; được tập trung một c&aacute;ch ch&iacute;nh x&aacute;c v&agrave; c&oacute; thể hoạt động li&ecirc;n tục, chế độ servo to&agrave;n thời gian để l&agrave;m việc tốt hơn với c&aacute;c đối tượng di chuyển. Ngo&agrave;i ra, Nikon D5300c&oacute; bốn chế độ AF-khu vực đều c&oacute; thể khởi động trong chế độ live view: ưu ti&ecirc;n khu&ocirc;n mặt AF, diện rộng AF, Normal AF v&ugrave;ng, v&agrave; đối tượng theo d&otilde;i AF.</p>\r\n\r\n<p>&nbsp;</p>\r\n\r\n<p><strong>Wi-Fi v&agrave; kết nối GPS</strong></p>\r\n\r\n<p>- Hỗ trợ v&ocirc; số chia sẻ, c&aacute;c t&iacute;nh năng t&iacute;ch hợp Wi-Fi v&agrave; c&aacute;c module GPS để cho ph&eacute;p m&aacute;y ảnh&nbsp;<strong>Nikon D5300</strong>&nbsp;đồng bộ ngay h&igrave;nh ảnh cũng như chức năng định vị. Khi ứng dụng tiện &iacute;ch kh&ocirc;ng d&acirc;y của Nikon đ&atilde; được c&agrave;i đặt tr&ecirc;n thiết bị Android hoặc điện thoại di động iOS, bạn c&oacute; thể sử dụng thiết bị để duyệt c&aacute;c nội dung của thẻ nhớ, chọn h&igrave;nh ảnh, v&agrave; li&ecirc;n tục chuyển c&aacute;c tập tin giữa c&aacute;c thiết bị để chia sẻ trực tuyến ngay lập tức. Ngo&agrave;i ra, c&aacute;c thiết bị di động từ xa c&oacute; thể k&iacute;ch hoạt m&agrave;n trập v&agrave; hiển thị h&igrave;nh ảnh từ m&aacute;y ảnh cho ph&eacute;p l&agrave;m việc từ xa.</p>\r\n\r\n<p>&nbsp;</p>\r\n\r\n<p>- C&aacute;c chức năng GPS t&iacute;ch hợp c&oacute; thể được sử dụng để g&aacute;n dữ liệu về vị tr&iacute; địa cho tất cả c&aacute;c tập tin h&igrave;nh ảnh cho c&aacute;c mục đ&iacute;ch gắn thẻ địa l&yacute; v&agrave; cho vẽ h&igrave;nh ảnh bản đồ. Điểm tham quan cũng c&oacute; thể được t&igrave;m thấy trong m&aacute;y ảnh Nikon D5300 &nbsp;bằng c&aacute;ch sử dụng th&ocirc;ng tin n&agrave;y để hỗ trợ hơn nữa trong hiệu quả gắn thẻ dựa tr&ecirc;n địa điểm.</p>\r\n\r\n<p>&nbsp;</p>\r\n\r\n<p><strong>Thiết kế body của m&aacute;y ảnh Nikon D5300</strong></p>\r\n\r\n<p>Ngay cả trong khi duy tr&igrave; một tổng thể h&igrave;nh thức nhỏ gọn, m&aacute;y ảnh&nbsp;<strong>Nikon D5300</strong>&nbsp;t&iacute;ch hợp một m&agrave;n h&igrave;nh LCD lớn 3,2 &quot;1037 k-dot đa g&oacute;c, c&oacute; t&iacute;nh năng thiết kế xoay 180 độ để ph&ugrave; hợp với tr&igrave;nh l&agrave;m việc từ cao, thấp, v&agrave; c&aacute;c g&oacute;c ph&iacute;a trước. Ngo&agrave;i ra, một k&iacute;nh ngắm quang học pentamirror cũng được t&iacute;ch hợp v&agrave;o c&aacute;c thiết kế cho xem ch&iacute;nh x&aacute;c v&agrave; gi&aacute;m s&aacute;t thời gian thực của c&aacute;c đối tượng.Một đ&egrave;n flash trong cửa sổ pop-up cũng c&oacute; sẵn để chiếu s&aacute;ng bổ sung khi l&agrave;m việc trong điều kiện &aacute;nh s&aacute;ng yếu v&agrave; hỗ trợ hệ thống đo s&aacute;ng i-TTL &nbsp;của Nikon.&nbsp;</p>\r\n\r\n<p>&nbsp;</p>\r\n\r\n<p><strong>Hệ thống Nhận diện cảnh v&agrave; đo phơi s&aacute;ng</strong></p>\r\n\r\n<p>Hệ thống Nhận diện cảnh th&ocirc;ng minh trong m&aacute;y ảnh Nikon D5300 &nbsp;với 3D Color Matrix Metering II , sử dụng một bộ cảm biến RGB 2.016 điểm ảnh để đ&aacute;nh gi&aacute; v&agrave; ph&acirc;n t&iacute;ch tất cả c&aacute;c kh&iacute;a cạnh trong một cảnh, bao gồm độ s&aacute;ng, độ tương phản, khoảng c&aacute;ch chủ đề, v&agrave; m&agrave;u sắc cảnh, nhanh ch&oacute;ng x&aacute;c định một tiếp x&uacute;c ch&iacute;nh x&aacute;c v&agrave; thiết lập c&acirc;n bằng trắng để l&agrave;m cho chất lượng tốt nhất, m&aacute;y ảnh<strong>Nikon D5300</strong>&nbsp;đảm bảo t&iacute;nh thống nhất từ h&igrave;nh ảnh đến h&igrave;nh ảnh li&ecirc;n quan đến tiếp x&uacute;c, c&acirc;n bằng trắng, c&agrave;i đặt đ&egrave;n flash i-TTL, v&agrave; phải theo d&otilde;i hiệu suất AF.</p>\r\n\r\n<p>&nbsp;</p>\r\n\r\n<p><strong>Quay phim Full HD Movie</strong></p>\r\n\r\n<p>- Quay phim Full HD 1920 x 1080p trong m&aacute;y ảnh Nikon D5300 được hỗ trợ trong 60, 30, 25, v&agrave; 24 fps tỷ lệ khung h&igrave;nh, cũng như HD 720p v&agrave; SD 480p trong nhiều tốc độ khung h&igrave;nh, trong c&aacute;c định dạng MPEG-4 AVC/H.264. Trong qu&aacute; tr&igrave;nh quay,&nbsp;<strong>Nikon D5300</strong>&nbsp;tự động lấy n&eacute;t to&agrave;n thời gian c&oacute; thể được sử dụng, với khả năng nhận diện khu&ocirc;n mặt v&agrave; đối tượng theo d&otilde;i, đảm bảo cho độ sắc n&eacute;t với nhiều loại đối tượng.</p>\r\n\r\n<p>&nbsp;</p>\r\n\r\n<p>- Một micro stereo c&oacute; thể được sử dụng để ghi lại &acirc;m thanh chất lượng cao, c&aacute;ch kh&aacute;c, một đầu v&agrave;o microphone được t&iacute;ch hợp v&agrave;o thiết kế để hỗ trợ việc sử dụng một micro b&ecirc;n ngo&agrave;i để kiểm so&aacute;t tăng cường.</p>\r\n\r\n<p>&nbsp;</p>\r\n\r\n<p><strong>C&aacute;c t&iacute;nh năng kh&aacute;c của m&aacute;y ảnh Nikon D5300</strong></p>\r\n\r\n<p>- Chế độ kiểm so&aacute;t h&igrave;nh ảnh<strong>&nbsp;Nikon D5300&nbsp;</strong>c&oacute; thể được truy cập trực tiếp th&ocirc;ng qua một n&uacute;t chuy&ecirc;n dụng v&agrave; cho ph&eacute;p bạn thiết lập h&igrave;nh được x&aacute;c định trước trong m&aacute;y ảnh ,v&agrave; bao gồm c&aacute;c cảnh quan, đơn sắc, m&agrave;u trung t&iacute;nh, Ch&acirc;n dung, Standard, Vivid, v&agrave; c&aacute;c thiết lập người d&ugrave;ng t&ugrave;y chỉnh.C&aacute;c tập tin RAW ( NEF ) c&oacute; thể được ghi lại như n&eacute;n kh&ocirc;ng bị mất hoặc n&eacute;n ở độ s&acirc;u 14-bit .</p>\r\n\r\n<p>&nbsp;</p>\r\n\r\n<p>- Được x&acirc;y dựng trong hoạt động HDR để mở rộng phạm vi &acirc;m v&agrave; tiếp x&uacute;c của h&igrave;nh ảnh bằng c&aacute;ch ghi lại hai tiếp x&uacute;c ri&ecirc;ng biệt v&agrave; pha trộn ch&uacute;ng lại với nhau để được nổi bật hơn.</p>\r\n\r\n<p>&nbsp;</p>\r\n\r\n<p>- Active D -Lighting chức năng trong m&aacute;y ảnh Nikon D5300 gi&uacute;p l&agrave;m nổi bật h&igrave;nh ảnh trong điều kiện tương phản, chẳng hạn như &aacute;nh s&aacute;ng backlit. Bằng c&aacute;ch sử dụng sức mạnh của bộ xử l&yacute; EXPEED 4, h&igrave;nh ảnh được kiểm so&aacute;t nhiều hơn sẽ được sản xuất với gi&aacute; trị độ s&aacute;ng gần hơn với c&aacute;ch thức ch&uacute;ng được tự nhi&ecirc;n nh&igrave;n thấy. Chế độ n&agrave;y l&agrave; ph&ugrave; hợp để l&agrave;m việc với c&aacute;c đối tượng di chuyển .</p>\r\n\r\n<p>&nbsp;</p>\r\n\r\n<p>- Auto Scene Selector l&agrave; một chế độ tự động th&ocirc;ng minh của m&aacute;y ảnh&nbsp;<strong>Nikon D5300</strong>&nbsp;x&aacute;c định chủ đề của bạn v&agrave; kịch bản chụp , chọn một chế độ cảnh th&iacute;ch hợp để &aacute;p dụng , v&agrave; điều chỉnh c&aacute;c thiết lập tiếp x&uacute;c để l&agrave;m cho tốt nhất.</p>\r\n\r\n<p>&nbsp;</p>\r\n\r\n<p>- Chế độ cảnh của m&aacute;y ảnh Nikon D5300 : M&agrave;u sắc m&ugrave;a thu , B&atilde;i biển / Tuyết , Blossom , Candlelight , trẻ em , Close-up , trời chạng vạng / b&igrave;nh minh , thực phẩm , Cảnh, Đ&ecirc;m Phong cảnh, Ch&acirc;n dung ban đ&ecirc;m , Tiệc / trong nh&agrave; , Ch&acirc;n dung mang theo vật nu&ocirc;i , Ch&acirc;n dung , Thể thao, v&agrave; ho&agrave;ng h&ocirc;n .</p>\r\n\r\n<p>&nbsp;</p>\r\n\r\n<p>- Hiệu ứng đặc biệt: tầm nh&igrave;n ban đ&ecirc;m, m&agrave;u ph&aacute;c thảo, m&aacute;y ảnh đồ chơi , hiệu ứng thu nhỏ, m&agrave;u sắc chọn lọc , Silhouette , quan trọng cao, trọng thấp, v&agrave; HDR bức tranh.</p>\r\n\r\n<p>&nbsp;</p>\r\n\r\n<p>- C&aacute;c t&iacute;nh năng kh&aacute;c của m&aacute;y&nbsp;<strong>Nikon D5300</strong>&nbsp;: C&acirc;n bằng m&agrave;u , M&agrave;u cương , m&agrave;u Sketch, D-Lighting , Edit Movie , hiệu ứng bộ lọc , Fisheye, Image Overlay , Miniature Effect, đơn sắc , NEF (RAW) chế biến , quan niệm kiểm so&aacute;t, chỉnh sửa nhanh , đỏ Sửa mắt , k&iacute;ch cỡ, Selective Color , Side -by-Side So s&aacute;nh , thẳng , v&agrave; Trim.</p>\r\n\r\n<p>&nbsp;</p>\r\n\r\n<p>- Hỗ trợ ng&ocirc;n ngữ của m&aacute;y Nikon D5300 &nbsp;: tiếng Ả Rập, Bengali , Bồ Đ&agrave;o Nha, Trung Quốc ( giản thể v&agrave; truyền thống), S&eacute;c, Đan Mạch , H&agrave; Lan, Anh , Phần Lan, Ph&aacute;p , Đức, Hy Lạp , Tiếng Hin-ddi , Hungary , Indonesia , &Yacute;, Nhật Bản , H&agrave;n Quốc , Na Uy, Ba Tư, Ba Lan , Bồ Đ&agrave;o Nha, Rumani, Nga , T&acirc;y Ban Nha, Thụy Điển , v&agrave; Tamil .</p>\r\n\r\n<p>&nbsp;</p>\r\n\r\n<p><img alt=\"Nikon D5300\" src=\"http://zshop.vn/images/detailed/31/D5300_BK_18_140_frt34l_verge_super_wide.jpg\" style=\"height:462px; margin:0px; width:500px\" /></p>\r\n\r\n<p>Nikon D5300</p>\r\n', 1, 21, 6, '2015-01-22'),
(15, 'Terrarium Vespa', 2, 13124200, '<p>Điểm nổi bật của sản phẩm</p>\r\n\r\n<p>&nbsp;</p>\r\n\r\n<p>- Độ ph&acirc;n giải 24.2MP, cảm biến CMOS APS-C</p>\r\n\r\n<p>- Bộ xử l&yacute; h&igrave;nh ảnh Expeed 4</p>\r\n\r\n<p>- Dải ISO 100 - 12800 (mở rộng 25600)</p>\r\n\r\n<p>- 39 điểm lấy n&eacute;t tự động</p>\r\n\r\n<p>- M&agrave;n h&igrave;nh LCD 3&quot;2</p>\r\n\r\n<p>- Chụp li&ecirc;n tiếp 5 h&igrave;nh/gi&acirc;y</p>\r\n', '<h2>M&aacute;y Ảnh Nikon D5300</h2>\r\n\r\n<h2>&nbsp;</h2>\r\n\r\n<p>&nbsp;</p>\r\n\r\n<p><strong>GIỚI THIỆU</strong></p>\r\n\r\n<p><strong><a href=\"http://zshop.vn/may-anh-nikon-dslr/\">M&aacute;y ảnh</a>&nbsp;DSLR Nikon D5300</strong>&nbsp;c&oacute; định dạng cảm biến DX 24,2 megapixel v&agrave; bộ xử l&yacute; ảnh EXPEED 4 để cho ra h&igrave;nh ảnh c&oacute; độ ph&acirc;n giải caov&agrave; video full HD với độ nhạy đ&aacute;ng ch&uacute; &yacute;, &aacute;nh s&aacute;ng ti&ecirc;u chuẩn ISO 12800 v&agrave; tốc độ chụp li&ecirc;n tiếp 5 fps nhanh. Thiết kế cảm biến quang học, bỏ qua c&aacute;c bộ lọc th&ocirc;ng thấp truyền thống để đạt được độ sắc n&eacute;t v&agrave; độ ph&acirc;n giải tối đa của cả h&igrave;nh ảnh v&agrave; video. M&aacute;y ảnh&nbsp;<strong>Nikon D5300</strong>&nbsp;c&oacute; cả một hệ thống tự động lấy n&eacute;t linh hoạt 39 điểm, với ch&iacute;n bộ cảm biến cross-type, v&agrave; một bộ cảm biến RGB 2.016 điểm ảnh cho đo tiếp x&uacute;c ch&iacute;nh x&aacute;c trong điều kiện &aacute;nh s&aacute;ng. Ngo&agrave;i ra, &nbsp;quay phim 1080p 1920 x được hỗ trợ, trong nhiều tốc độ khung h&igrave;nh l&ecirc;n đến 60 fps, với khả năng tập trung tự động linh hoạt.</p>\r\n\r\n<p>&nbsp;</p>\r\n\r\n<p>M&aacute;y ảnh&nbsp;<strong>Nikon D5300&nbsp;</strong>Nhỏ gọn, nhưng thiết kế bền bỉ, th&acirc;n m&aacute;y kết hợp cả một k&iacute;nh ngắm quang học pentamirror c&ugrave;ng với một m&agrave;n h&igrave;nh LCD lớn 3,2 &quot;1037 k-dot đa g&oacute;c, c&oacute; thiết kế t&iacute;nh năng &nbsp;xoay 180&deg; để hỗ trợ tốt hơn khi sử dụng ở nhiều g&oacute;c độ cao v&agrave; thấp. Ngo&agrave;i ra, Nikon c&ograve;n t&iacute;ch hợp v&agrave;o m&aacute;y ảnh Nikon D5300 cả Wi-Fi v&agrave; GPS, cho ph&eacute;p khả năng chia sẻ h&igrave;nh ảnh ti&ecirc;n tiến cũng như định vị, gắn thẻ ảnh. Khi kết hợp với một thiết bị di động Android hay iOS, c&oacute; thể xem từ xa v&agrave; kiểm so&aacute;t ảnh chụp.</p>\r\n\r\n<p>&nbsp;</p>\r\n\r\n<p>M&aacute;y ảnh&nbsp;<strong>Nikon D5300</strong>&nbsp;cho giao diện của h&igrave;nh ảnh trong m&aacute;y ảnh tăng cường s&aacute;ng tạo, một loạt c&aacute;c chế độ kiểm so&aacute;t h&igrave;nh ảnh, chế độ Scene, v&agrave; đặc biệt chế độ hiệu ứng c&oacute; sẵn cũng như một loạt c&aacute;c h&igrave;nh ảnh trong m&aacute;y ảnh c&oacute; khả năng chỉnh sửa để điều chỉnh c&aacute;c thiết lập trước khi chia sẻ. Chế độ D-Lighting cũng c&oacute; thể được sử dụng để tối ưu h&oacute;a kết quả tiếp x&uacute;c v&agrave; c&aacute;c chi tiết cho một phạm vi mở rộng của &acirc;m thanh r&otilde; r&agrave;ng</p>\r\n\r\n<p>&nbsp;</p>\r\n\r\n<p><img alt=\"Nikon D5300\" src=\"http://zshop.vn/images/detailed/31/D5300_BK_18_140_LCD_3_verge_super_wide.jpg\" style=\"height:323px; margin:0px; width:500px\" /></p>\r\n\r\n<p>Nikon D5300</p>\r\n\r\n<p>&nbsp;</p>\r\n\r\n<p><strong>T&Iacute;NH NĂNG NỔI BẬT</strong></p>\r\n\r\n<p><strong>Bộ cảm biến DX-Format 24.2MP v&agrave; bộ xử l&yacute; EXPEED 4</strong></p>\r\n\r\n<p>Cảm biến trong m&aacute;y ảnh Nikon D5300 định dạng CMOS 24,2 megapixel v&agrave; bộ vi xử l&yacute; EXPEED 4 kết hợp với nhau để sản xuất h&igrave;nh ảnh chất lượng cao với chi tiết đ&aacute;ng ch&uacute; &yacute;, phạm vi hoạt động, độ ch&iacute;nh x&aacute;c m&agrave;u sắc, v&agrave; độ nhạy &aacute;nh s&aacute;ng theo ti&ecirc;u chuẩn ISO 12800, mở rộng tới ISO 25600. Ngo&agrave;i ra,&nbsp;<a href=\"http://zshop.vn/may-anh-nikon-dslr/\"><strong>Nikon D5300&nbsp;</strong></a>thiết kế của cảm biến bỏ qua một bộ lọc th&ocirc;ng thấp quang học để c&oacute; được độ sắc n&eacute;t v&agrave; chi tiết nhất của c&aacute;c đối tượng. 4 bộ xử l&yacute; EXPEED cũng cho ph&eacute;p một sự nhanh ch&oacute;ng của tốc độ to&agrave;n bộ hệ thống m&aacute;y ảnh, bao gồm hỗ trợ cho bộ phim HD full 1080p v&agrave; tốc độ chụp li&ecirc;n tiếp 5 fps.</p>\r\n\r\n<p>&nbsp;</p>\r\n\r\n<p><strong>Cảm biến Multi-CAM 4800DX lấy n&eacute;t tự động</strong></p>\r\n\r\n<p>Chất lượng h&igrave;nh ảnh cao l&agrave; nhờ m&aacute;y ảnh Nikon D5300 c&oacute; một hệ thống AF sử dụng 39 điểm AF ri&ecirc;ng biệt, trong đ&oacute; c&oacute; ch&iacute;n bộ cảm biến cross-type, để nhanh ch&oacute;ng c&oacute; được tập trung trong một loạt c&aacute;c điều kiện &aacute;nh s&aacute;ng, từ -1 đến +19 EV. Một chế độ 3D-theo d&otilde;i duy nhất sử dụng c&aacute;c bộ cảm biến RGB 2.016 điểm ảnh để duy tr&igrave; tập trung mạnh v&agrave;o chuyển động. M&aacute;y ảnh&nbsp;<strong>Nikon D5300</strong>&nbsp;để ph&ugrave; hợp hơn với chủ đề cụ thể khi l&agrave;m việc trong AF-A hoặc chế độ lấy n&eacute;t AF-C, chế độ lấy n&eacute;t động cho ph&eacute;p bạn chọn từ 9, 21, hoặc c&aacute;c mảng 39 điểm để tăng cường theo d&otilde;i đối tượng, ngay cả khi sau một thời gian ngắn chủ đề rời khỏi khung h&igrave;nh. Single-point AF, theo d&otilde;i 3D, v&agrave; v&ugrave;ng chế độ tự động AF cũng c&oacute; sẵn.</p>\r\n\r\n<p>&nbsp;</p>\r\n\r\n<p>Khi l&agrave;m việc trong chế độ live view, một hệ thống AF tương phản được sử dụng để c&oacute; được tập trung một c&aacute;ch ch&iacute;nh x&aacute;c v&agrave; c&oacute; thể hoạt động li&ecirc;n tục, chế độ servo to&agrave;n thời gian để l&agrave;m việc tốt hơn với c&aacute;c đối tượng di chuyển. Ngo&agrave;i ra, Nikon D5300c&oacute; bốn chế độ AF-khu vực đều c&oacute; thể khởi động trong chế độ live view: ưu ti&ecirc;n khu&ocirc;n mặt AF, diện rộng AF, Normal AF v&ugrave;ng, v&agrave; đối tượng theo d&otilde;i AF.</p>\r\n\r\n<p>&nbsp;</p>\r\n\r\n<p><strong>Wi-Fi v&agrave; kết nối GPS</strong></p>\r\n\r\n<p>Hỗ trợ v&ocirc; số chia sẻ, c&aacute;c t&iacute;nh năng t&iacute;ch hợp Wi-Fi v&agrave; c&aacute;c module GPS để cho ph&eacute;p m&aacute;y ảnh&nbsp;<strong>Nikon D5300</strong>&nbsp;đồng bộ ngay h&igrave;nh ảnh cũng như chức năng định vị. Khi ứng dụng tiện &iacute;ch kh&ocirc;ng d&acirc;y của Nikon đ&atilde; được c&agrave;i đặt tr&ecirc;n thiết bị Android hoặc điện thoại di động iOS, bạn c&oacute; thể sử dụng thiết bị để duyệt c&aacute;c nội dung của thẻ nhớ, chọn h&igrave;nh ảnh, v&agrave; li&ecirc;n tục chuyển c&aacute;c tập tin giữa c&aacute;c thiết bị để chia sẻ trực tuyến ngay lập tức. Ngo&agrave;i ra, c&aacute;c thiết bị di động từ xa c&oacute; thể k&iacute;ch hoạt m&agrave;n trập v&agrave; hiển thị h&igrave;nh ảnh từ m&aacute;y ảnh cho ph&eacute;p l&agrave;m việc từ xa.</p>\r\n\r\n<p>&nbsp;</p>\r\n\r\n<p>C&aacute;c chức năng GPS t&iacute;ch hợp c&oacute; thể được sử dụng để g&aacute;n dữ liệu về vị tr&iacute; địa cho tất cả c&aacute;c tập tin h&igrave;nh ảnh cho c&aacute;c mục đ&iacute;ch gắn thẻ địa l&yacute; v&agrave; cho vẽ h&igrave;nh ảnh bản đồ. Điểm tham quan cũng c&oacute; thể được t&igrave;m thấy trong m&aacute;y ảnh Nikon D5300 &nbsp;bằng c&aacute;ch sử dụng th&ocirc;ng tin n&agrave;y để hỗ trợ hơn nữa trong hiệu quả gắn thẻ dựa tr&ecirc;n địa điểm.</p>\r\n\r\n<p>&nbsp;</p>\r\n\r\n<p><strong>Thiết kế body</strong></p>\r\n\r\n<p>Ngay cả trong khi duy tr&igrave; một tổng thể h&igrave;nh thức nhỏ gọn, m&aacute;y ảnh&nbsp;<strong>Nikon D5300</strong>&nbsp;t&iacute;ch hợp một m&agrave;n h&igrave;nh LCD lớn 3,2 &quot;1037 k-dot đa g&oacute;c, c&oacute; t&iacute;nh năng thiết kế xoay 180 độ để ph&ugrave; hợp với tr&igrave;nh l&agrave;m việc từ cao, thấp, v&agrave; c&aacute;c g&oacute;c ph&iacute;a trước. Ngo&agrave;i ra, một k&iacute;nh ngắm quang học pentamirror cũng được t&iacute;ch hợp v&agrave;o c&aacute;c thiết kế cho xem ch&iacute;nh x&aacute;c v&agrave; gi&aacute;m s&aacute;t thời gian thực của c&aacute;c đối tượng.Một đ&egrave;n flash trong cửa sổ pop-up cũng c&oacute; sẵn để chiếu s&aacute;ng bổ sung khi l&agrave;m việc trong điều kiện &aacute;nh s&aacute;ng yếu v&agrave; hỗ trợ hệ thống đo s&aacute;ng i-TTL &nbsp;của Nikon.&nbsp;</p>\r\n\r\n<p>&nbsp;</p>\r\n\r\n<p><strong>Hệ thống Nhận diện cảnh v&agrave; đo phơi s&aacute;ng</strong></p>\r\n\r\n<p>Hệ thống Nhận diện cảnh th&ocirc;ng minh trong m&aacute;y ảnh Nikon D5300 &nbsp;với 3D Color Matrix Metering II , sử dụng một bộ cảm biến RGB 2.016 điểm ảnh để đ&aacute;nh gi&aacute; v&agrave; ph&acirc;n t&iacute;ch tất cả c&aacute;c kh&iacute;a cạnh trong một cảnh, bao gồm độ s&aacute;ng, độ tương phản, khoảng c&aacute;ch chủ đề, v&agrave; m&agrave;u sắc cảnh, nhanh ch&oacute;ng x&aacute;c định một tiếp x&uacute;c ch&iacute;nh x&aacute;c v&agrave; thiết lập c&acirc;n bằng trắng để l&agrave;m cho chất lượng tốt nhất, m&aacute;y ảnh&nbsp;<strong>Nikon D5300</strong>&nbsp;đảm bảo t&iacute;nh thống nhất từ h&igrave;nh ảnh đến h&igrave;nh ảnh li&ecirc;n quan đến tiếp x&uacute;c, c&acirc;n bằng trắng, c&agrave;i đặt đ&egrave;n flash i-TTL, v&agrave; phải theo d&otilde;i hiệu suất AF.</p>\r\n\r\n<p>&nbsp;</p>\r\n\r\n<p><strong>Quay phim Full HD Movie</strong></p>\r\n\r\n<p>Quay phim Full HD 1920 x 1080p trong m&aacute;y ảnh Nikon D5300 được hỗ trợ trong 60, 30, 25, v&agrave; 24 fps tỷ lệ khung h&igrave;nh, cũng như HD 720p v&agrave; SD 480p trong nhiều tốc độ khung h&igrave;nh, trong c&aacute;c định dạng MPEG-4 AVC/H.264. Trong qu&aacute; tr&igrave;nh quay,&nbsp;<strong>Nikon D5300</strong>&nbsp;tự động lấy n&eacute;t to&agrave;n thời gian c&oacute; thể được sử dụng, với khả năng nhận diện khu&ocirc;n mặt v&agrave; đối tượng theo d&otilde;i, đảm bảo cho độ sắc n&eacute;t với nhiều loại đối tượng.</p>\r\n\r\n<p>&nbsp;</p>\r\n\r\n<p>Một micro stereo c&oacute; thể được sử dụng để ghi lại &acirc;m thanh chất lượng cao, c&aacute;ch kh&aacute;c, một đầu v&agrave;o microphone được t&iacute;ch hợp v&agrave;o thiết kế để hỗ trợ việc sử dụng một micro b&ecirc;n ngo&agrave;i để kiểm so&aacute;t tăng cường.</p>\r\n\r\n<p>&nbsp;</p>\r\n\r\n<p><strong>C&aacute;c t&iacute;nh năng kh&aacute;c của m&aacute;y ảnh</strong></p>\r\n\r\n<p>- Chế độ kiểm so&aacute;t h&igrave;nh ảnh<strong>&nbsp;Nikon D5300&nbsp;</strong>c&oacute; thể được truy cập trực tiếp th&ocirc;ng qua một n&uacute;t chuy&ecirc;n dụng v&agrave; cho ph&eacute;p bạn thiết lập h&igrave;nh được x&aacute;c định trước trong m&aacute;y ảnh ,v&agrave; bao gồm c&aacute;c cảnh quan, đơn sắc, m&agrave;u trung t&iacute;nh, Ch&acirc;n dung, Standard, Vivid, v&agrave; c&aacute;c thiết lập người d&ugrave;ng t&ugrave;y chỉnh.C&aacute;c tập tin RAW ( NEF ) c&oacute; thể được ghi lại như n&eacute;n kh&ocirc;ng bị mất hoặc n&eacute;n ở độ s&acirc;u 14-bit .</p>\r\n\r\n<p>&nbsp;</p>\r\n\r\n<p>- Được x&acirc;y dựng trong hoạt động HDR để mở rộng phạm vi &acirc;m v&agrave; tiếp x&uacute;c của h&igrave;nh ảnh bằng c&aacute;ch ghi lại hai tiếp x&uacute;c ri&ecirc;ng biệt v&agrave; pha trộn ch&uacute;ng lại với nhau để được nổi bật hơn.</p>\r\n\r\n<p>&nbsp;</p>\r\n\r\n<p>- Active D -Lighting chức năng trong m&aacute;y ảnh Nikon D5300 gi&uacute;p l&agrave;m nổi bật h&igrave;nh ảnh trong điều kiện tương phản, chẳng hạn như &aacute;nh s&aacute;ng backlit. Bằng c&aacute;ch sử dụng sức mạnh của bộ xử l&yacute; EXPEED 4, h&igrave;nh ảnh được kiểm so&aacute;t nhiều hơn sẽ được sản xuất với gi&aacute; trị độ s&aacute;ng gần hơn với c&aacute;ch thức ch&uacute;ng được tự nhi&ecirc;n nh&igrave;n thấy. Chế độ n&agrave;y l&agrave; ph&ugrave; hợp để l&agrave;m việc với c&aacute;c đối tượng di chuyển .</p>\r\n\r\n<p>&nbsp;</p>\r\n\r\n<p>- Auto Scene Selector l&agrave; một chế độ tự động th&ocirc;ng minh của m&aacute;y ảnh&nbsp;<strong>Nikon D5300</strong>&nbsp;x&aacute;c định chủ đề của bạn v&agrave; kịch bản chụp , chọn một chế độ cảnh th&iacute;ch hợp để &aacute;p dụng , v&agrave; điều chỉnh c&aacute;c thiết lập tiếp x&uacute;c để l&agrave;m cho tốt nhất.</p>\r\n\r\n<p>&nbsp;</p>\r\n\r\n<p>- Chế độ cảnh của m&aacute;y ảnh Nikon D5300 : M&agrave;u sắc m&ugrave;a thu , B&atilde;i biển / Tuyết , Blossom , Candlelight , trẻ em , Close-up , trời chạng vạng / b&igrave;nh minh , thực phẩm , Cảnh, Đ&ecirc;m Phong cảnh, Ch&acirc;n dung ban đ&ecirc;m , Tiệc / trong nh&agrave; , Ch&acirc;n dung mang theo vật nu&ocirc;i , Ch&acirc;n dung , Thể thao, v&agrave; ho&agrave;ng h&ocirc;n .</p>\r\n\r\n<p>&nbsp;</p>\r\n\r\n<p>- Hiệu ứng đặc biệt: tầm nh&igrave;n ban đ&ecirc;m, m&agrave;u ph&aacute;c thảo, m&aacute;y ảnh đồ chơi , hiệu ứng thu nhỏ, m&agrave;u sắc chọn lọc , Silhouette , quan trọng cao, trọng thấp, v&agrave; HDR bức tranh.</p>\r\n\r\n<p>&nbsp;</p>\r\n\r\n<p>- C&aacute;c t&iacute;nh năng kh&aacute;c của m&aacute;y&nbsp;<strong>Nikon D5300</strong>&nbsp;: C&acirc;n bằng m&agrave;u , M&agrave;u cương , m&agrave;u Sketch, D-Lighting , Edit Movie , hiệu ứng bộ lọc , Fisheye, Image Overlay , Miniature Effect, đơn sắc , NEF (RAW) chế biến , quan niệm kiểm so&aacute;t, chỉnh sửa nhanh , đỏ Sửa mắt , k&iacute;ch cỡ, Selective Color , Side -by-Side So s&aacute;nh , thẳng , v&agrave; Trim.</p>\r\n\r\n<p>&nbsp;</p>\r\n\r\n<p>- Hỗ trợ ng&ocirc;n ngữ của m&aacute;y Nikon D5300 &nbsp;: tiếng Ả Rập, Bengali , Bồ Đ&agrave;o Nha, Trung Quốc ( giản thể v&agrave; truyền thống), S&eacute;c, Đan Mạch , H&agrave; Lan, Anh , Phần Lan, Ph&aacute;p , Đức, Hy Lạp , Tiếng Hin-ddi , Hungary , Indonesia , &Yacute;, Nhật Bản , H&agrave;n Quốc , Na Uy, Ba Tư, Ba Lan , Bồ Đ&agrave;o Nha, Rumani, Nga , T&acirc;y Ban Nha, Thụy Điển , v&agrave; Tamil .</p>\r\n', 1, 12, 6, '2015-01-26'),
(16, 'Terrarium Yell Car', 2, 18420300, '<p>Điểm nổi bật của sản phẩm</p>\r\n\r\n<p>&nbsp;</p>\r\n\r\n<p>- Cảm biến ảnh DX CMOS 16.2 Megapixels</p>\r\n\r\n<p>- Bộ xử l&yacute; ảnh EXPEED II, ISO cao nhất tới 25,600</p>\r\n\r\n<p>- Hệ thống lấy n&eacute;t tự động 3D-tracking AF 36 điểm</p>\r\n\r\n<p>- T&iacute;ch hợp hai hệ thống tự động l&agrave;m sạch cảm biến</p>\r\n\r\n<p>- M&agrave;n h&igrave;nh 3&rdquo; Super-Density độ ph&acirc;n giải tới 921,000</p>\r\n', '<h2><strong>Nikon D7000 + kit 18-105 VR</strong></h2>\r\n\r\n<p>&nbsp;</p>\r\n\r\n<p><strong>GIỚI THIỆU</strong></p>\r\n\r\n<p>Đạt giải thưởng danh gi&aacute; &ldquo;Best DSLR Advanced&rdquo; của Hiệp hội nhiếp ảnh b&aacute;o ch&iacute; TIPA năm 2011 v&agrave; giải &ldquo;Best Prodcuct 2011-2012&rdquo; của Hiệp hội &acirc;m thanh v&agrave; h&igrave;nh ảnh ch&acirc;u &Acirc;u EISA,&nbsp;<strong><a href=\"http://zshop.vn/may-anh-nikon-dslr/\">m&aacute;y ảnh</a>&nbsp;Nikon D7000</strong>&nbsp;được đ&aacute;nh gi&aacute; l&agrave; chiếc m&aacute;y ảnh ống k&iacute;nh rời được mong đợi nhất m&ugrave;a 2011-2012. Tiếp tục khẳng định danh tiếng v&agrave; chất lượng Nikon tr&ecirc;n to&agrave;n cầu,&nbsp;Nikon D7000&nbsp;đ&atilde; l&agrave;m cho người d&ugrave;ng ho&agrave;n to&agrave;n h&agrave;i l&ograve;ng khi c&oacute; những cải tiến lớn so với đ&agrave;n anh D90 v&agrave; được xem l&agrave; gần giống với d&ograve;ng m&aacute;y cao cấp D300s. Cảm biến k&iacute;ch thước lớn CMOS 16.2MP DX format kết hợp c&ugrave;ng vi xử l&yacute; Expeed 2 cho khả năng nhạy s&aacute;ng cao, khử nhiễu, c&ocirc; lập m&agrave;u giả v&agrave; hỗ trợ chụp ảnh RAW chất lượng 12-bit v&agrave; 14-bit. Hệ thống lấy n&eacute;t tự động 39 điểm ho&agrave;n to&agrave;n mới với 9 điểm cross-type cho khả năng lấy n&eacute;t cực nhanh v&agrave; ch&iacute;nh x&aacute;c ngay cả khi chủ thể ảnh di chuyển hay khi bạn quay phim. Thiết kế mạnh mẽ, bền bỉ v&agrave; th&acirc;n thiện với người d&ugrave;ng c&ugrave;ng khả năng tương th&iacute;ch với nhiều loại ống k&iacute;nh khiến&nbsp;<strong>Nikon D7000</strong>&nbsp;trở th&agrave;nh ứng cử vi&ecirc;n s&aacute;ng gi&aacute; cho sự lựa chọn của bạn.</p>\r\n\r\n<p><img alt=\"\" src=\"http://zshop.vn/images/b/Update/up2/Nikon%20D7000%20%2B%20kit%2018-105%20VR%202.jpg\" style=\"height:500px; margin:0px; width:500px\" /></p>\r\n\r\n<p>Nikon D7000 + kit 18-105 VR</p>\r\n\r\n<p><br />\r\nMặc d&ugrave; c&oacute; thiết kế kh&aacute;c, nhưng tổng thể&nbsp;<strong>Nikon D7000</strong>&nbsp;vẫn tương tự D90 nhưng chắc chắn hơn với to&agrave;n bộ vỏ m&aacute;y được l&agrave;m bằng hợp kim ma-nh&ecirc; đảm bảo độ cứng v&agrave; nhẹ.&nbsp;Nikon D7000 sở hữu cảm biến CMOS 16,2 triệu điểm ảnh, cao thứ nh&igrave; trong c&aacute;c d&ograve;ng DSLR của Nikon (sau D3X 24 Meagapixel), bộ xử l&yacute; h&igrave;nh ảnh Expeed 2 mới nhanh hơn cho tốc độ li&ecirc;n tiếp 6 khung h&igrave;nh mỗi gi&acirc;y, khung ngắm quang 100%, m&agrave;n LCD 3 inch độ ph&acirc;n giải 921.000 điểm ảnh v&agrave; khả năng quay phim Full HD 1080p24.<br />\r\n&nbsp;</p>\r\n\r\n<p>Hệ thống lấy n&eacute;t v&agrave; đo s&aacute;ng của&nbsp;<strong>Nikon D7000</strong>&nbsp;cũng được ph&aacute;t triển mới so với bản D90 với 39 điểm lấy n&eacute;t, 9 điểm cross-type c&ugrave;ng với cảm biến đo s&aacute;ng RGB 2016 điểm cho ph&eacute;p phi&ecirc;n bản n&agrave;y c&oacute; khả năng b&aacute;m n&eacute;t 3D (theo cả m&agrave;u sắc của đối tượng). Một số cải tiến kh&aacute;c bao gồm kết hợp n&uacute;t quay phim v&agrave; chế độ LiveView l&agrave;m một (như tr&ecirc;n bản D3100 trước đ&acirc;y), quay phim Full HD v&agrave; t&iacute;nh năng duy tr&igrave; lấy n&eacute;t cả trong chế độ Live View v&agrave; quay phim nhờ cơ chế tự động to&agrave;n phần AF-F.</p>\r\n\r\n<p>&nbsp;</p>\r\n\r\n<p><strong>T&Iacute;NH NĂNG NỔI BẬT</strong><br />\r\n&nbsp;</p>\r\n\r\n<p><strong>Cảm biến k&iacute;ch thước lớn</strong></p>\r\n\r\n<p>Nikon D7000 sử dụng cảm biến CMOS 16.2MP DX format kết hợp c&ugrave;ng vi xử l&yacute; Expeed 2 cho khả năng nhạy s&aacute;ng cao, tăng tốc độ xử l&yacute;, khử nhiễu v&agrave; c&ocirc; lập c&aacute;c m&agrave;u giả được ph&aacute;t hiện từ đ&oacute; cho h&igrave;nh ảnh c&oacute; độ tương phản v&agrave; trung thực cao với m&agrave;u sắc rực rỡ v&agrave; sống động; đồng thời hỗ trợ chụp ảnh RAW chất lượng 12-bit v&agrave; 14-bit. Ngo&agrave;i ra m&aacute;y c&ograve;n hỗ trợ ISO 100-6400, mở rộng l&ecirc;n đến 25,600 v&agrave; tăng tốc độ m&agrave;n trập tối đa l&ecirc;n đến 1/8000s gi&uacute;p bạn nắm bắt trọn vẹn mọi khoảnh khắc để c&oacute; được h&igrave;nh đẹp ngay cả trong điều kiện thiếu s&aacute;ng.</p>\r\n\r\n<p>&nbsp;</p>\r\n\r\n<p><strong>Hệ thống lấy n&eacute;t tự động 39 điểm ho&agrave;n to&agrave;n mới&nbsp;</strong></p>\r\n\r\n<p>Nikon D7000&nbsp;sử dụng hệ thống lấy n&eacute;t tự động 39 điểm ho&agrave;n to&agrave;n mới với 9 điểm cross-type đem đến khả năng lấy n&eacute;t cực nhanh v&agrave; ch&iacute;nh x&aacute;c cao ngay cả trong trường hợp chủ thể ảnh đang di chuyển, giảm tối đa hiện tượng nh&ograve;e mờ, cho tốc độ chụp nhanh l&ecirc;n đến 6 fps v&agrave; chụp li&ecirc;n tục 100 tấm. Cảm biến đo s&aacute;ng RGB cho ph&eacute;p m&aacute;y lấy dữ liệu từ 2,016 pixels, b&ugrave; trừ s&aacute;ng v&agrave; m&agrave;u sắc nhằm tối ưu h&oacute;a khả năng nhận diện khung cảnh v&agrave; cho khả năng b&aacute;m n&eacute;t 3D ho&agrave;n hảo hơn.</p>\r\n\r\n<p>&nbsp;</p>\r\n\r\n<p><strong>Quay phim Full HD</strong></p>\r\n\r\n<p><strong>Nikon D7000</strong>&nbsp;được trang bị khả năng quay phim Full HD chuẩn &acirc;m thanh stereo với tốc độ 24 khung h&igrave;nh / gi&acirc;y c&ugrave;ng khả năng lấy n&eacute;t to&agrave;n thời gian khi quay cho bạn những đoạn video đạt chuẩn tối ưu. Chế độ Flicker Reduction được t&iacute;ch hợp với hai tần số nh&aacute;y l&agrave; 50Hz v&agrave; 60Hz để kh&ocirc;ng tr&ugrave;ng với tần số của đ&egrave;n Neon, do đ&oacute; hiện tượng bị nh&aacute;y khi quay dưới &aacute;nh đ&egrave;n Neon hầu như được loại bỏ.</p>\r\n\r\n<p><img alt=\"\" src=\"http://zshop.vn/images/b/Update/up2/Nikon%20D7000%20%2B%20kit%2018-105%20VR.jpg\" style=\"height:340px; margin:0px; width:340px\" /></p>\r\n\r\n<p>Nikon D7000 + kit 18-105 VR</p>\r\n\r\n<p><strong>Th&acirc;n thiện với người sử dụng</strong></p>\r\n\r\n<p>Ngo&agrave;i v&ograve;ng tr&ograve;n điều chỉnh chế độ chụp, Nikon D7000 c&ograve;n hỗ trợ một v&ograve;ng tr&ograve;n chọn kiểu nằm ngay ph&iacute;a dưới để bạn chọn kiểu chụp như S (Single Frame: Chụp 1 tấm); CL (Continuous low speed: Chụp li&ecirc;n tục chậm); CH (Continuous high speed: chụp li&ecirc;n tục nhanh); Q (quiet shutter-release: Chụp y&ecirc;n lặng); Remote (d&ugrave;ng điều khiển để chụp); MUP (Mirror Up)&hellip;Ngo&agrave;i ra b&aacute;nh xe chế độ c&ograve;n c&oacute; th&ecirc;m c&agrave;i đặt U1, U2 để bạn lưu sẵn v&agrave;i chế độ chụp hay thiết lập c&aacute;c mức ISO kh&aacute;c nhau để bạn kh&ocirc;ng cần c&agrave;i đặt lại nhiều lần khi di chuyển hay khi thay ống k&iacute;nh. M&aacute;y cũng hỗ trợ đến hai khe cắm thẻ nhớ để bạn thoải m&aacute;i hơn khi t&aacute;c nghiệp m&agrave; kh&ocirc;ng lo đầy thẻ.</p>\r\n\r\n<p>&nbsp;</p>\r\n\r\n<p><strong>Thiết kế mạnh mẽ</strong></p>\r\n\r\n<p>So với D90,&nbsp;<strong>Nikon D7000</strong>&nbsp;c&oacute; thiết kế lớn hơn nhưng chắc chắn hơn với phần vỏ được l&agrave;m to&agrave;n bộ từ hợp kim Magie, đảm bảo độ cứng tối đa nhưng vẫn đủ nhẹ để người d&ugrave;ng cảm thấy thoải m&aacute;i khi cầm tr&ecirc;n tay. K&iacute;nh ngắm quang học pentaprism hiển thị 100% khung h&igrave;nh để bạn nh&igrave;n thấy trước được tất cả những g&igrave; sẽ xuất hiện trong ảnh của m&igrave;nh. Pin EN-EL15 được ph&aacute;t triển với chấu tiếp x&uacute;c an to&agrave;n với dung lượng l&ecirc;n đến 1900mAh, cho thời gian chụp li&ecirc;n tục l&ecirc;n đến 850 tấm ảnh.</p>\r\n\r\n<p>&nbsp;</p>\r\n\r\n<p><strong>Tương th&iacute;ch đa dạng ống k&iacute;nh hơn</strong></p>\r\n\r\n<p><strong>Nikon D7000</strong>&nbsp;được cho l&agrave; kh&aacute; dễ t&iacute;nh khi c&oacute; thể tương th&iacute;ch với c&aacute;c ống k&iacute;nh AF, AF-D. Ngo&agrave;i ra nhờ một lẫy tiếp x&uacute;c Ai ở chấu tiếp x&uacute;c, Nikon D7000 c&oacute; thể nhận v&agrave; điều chỉnh độ mở tới 9 ống k&iacute;nh Ai. Điều n&agrave;y cho ph&eacute;p gần như tất cả c&aacute;c ống Ai đều c&oacute; thể sử dụng tr&ecirc;n D7000 ở c&aacute;c chế độ Manual hoặc ưu ti&ecirc;n độ mở (trừ chế độ tự động lấy n&eacute;t). Đ&acirc;y được coi l&agrave; một điểm s&aacute;ng gi&aacute; mới của Nikon D7000 d&agrave;nh cho những tay m&aacute;y chuy&ecirc;n nghiệp c&oacute; nhiều ống k&iacute;nh.</p>\r\n', 1, 12, 6, '2015-01-09'),
(17, 'Terrarium Pink Car', 2, 9494578, '<p>Điểm nổi bật của sản phẩm</p>\r\n\r\n<p>&nbsp;</p>\r\n\r\n<p>- Cảm biến ảnh Nikon DX CMOS 16.2 Megapixels</p>\r\n\r\n<p>- Bộ xử l&yacute; ảnh EXPEED II, ISO cao nhất tới 25,600</p>\r\n\r\n<p>- Hệ thống lấy n&eacute;t tự động 3D-tracking AF 11 điểm</p>\r\n\r\n<p>- Quay phim Full-HD 1080p với hiệu ứng Cinematic&nbsp;</p>\r\n\r\n<p>- M&agrave;n h&igrave;nh xoay 3&rdquo; độ ph&acirc;n giải 921,000 điểm ảnh</p>\r\n', '<h2><strong>Nikon D5100</strong></h2>\r\n\r\n<p>&nbsp;</p>\r\n\r\n<p><strong>GIỚI THIỆU</strong></p>\r\n\r\n<p><strong>-&nbsp;<a href=\"http://zshop.vn/may-anh-nikon-dslr/\">M&aacute;y ảnh</a>&nbsp;Nikon&nbsp;D5100</strong>&nbsp;Nổi bật với m&agrave;n h&igrave;nh đa g&oacute;c ngắm, lật ngang linh hoạt kiểu mới, chế độ quay phim full-HD c&ugrave;ng với menu trực quan th&acirc;n thiện dễ sử dụng với người d&ugrave;ng.&nbsp;Cảm biến CMOS độ ph&acirc;n giải cao với 16.2 triệu điểm ảnh hiệu quả, định dạng DX c&ugrave;ng với c&ocirc;ng nghệ xử l&yacute; h&igrave;nh ảnh của Nikon cung cấp chất lượng h&igrave;nh ảnh sắc n&eacute;t, sống động v&agrave; trang bị chức năng ảnh Phơi S&aacute;ng Cao (HDR) đời mới</p>\r\n\r\n<p>&nbsp;</p>\r\n\r\n<p>Nikon D5100 được trang bị c&ugrave;ng một cảm biến ảnh CMOS, định dạng DX v&agrave; c&ocirc;ng nghệ xử l&yacute; h&igrave;nh ảnh EXPEED 2 giống với m&aacute;y ảnh SLR đời cao D7000 được c&ocirc;ng bố gần đ&acirc;y. Những t&iacute;nh năng n&agrave;y cho ph&eacute;p chụp ảnh độ ph&acirc;n giải cao với c&aacute;c dải m&agrave;u sắc mượt m&agrave;, sống động. Được c&agrave;i đặt độ nhạy s&aacute;ng ti&ecirc;u chuẩn ISO 100-6400 v&agrave; c&oacute; thể tăng th&ecirc;m đạt khả năng Hi 2 (tương đương ISO 25600), m&aacute;y ảnh được cải tiến với nhiều chức năng hỗ trợ chụp h&igrave;nh đẹp dưới &aacute;nh s&aacute;ng yếu, như v&agrave;o buổi tối hoặc trong nh&agrave;, v&agrave; bắt chụp h&igrave;nh c&aacute;c đối tượng di chuyển nhanh tốt hơn.&nbsp;</p>\r\n\r\n<p>&nbsp;</p>\r\n\r\n<p>T&iacute;nh năng Phơi S&aacute;ng Cao (<strong>HDR</strong>) k&iacute;ch hoạt sẽ chụp 2 bức h&igrave;nh với thời gian phơi s&aacute;ng kh&aacute;c nhau qua thao t&aacute;c với n&uacute;t bấm chụp rồi tự động kết hợp th&agrave;nh một h&igrave;nh ảnh đơn c&ugrave;ng với dải nhạy s&aacute;ng kết hợp rộng. Kết quả l&agrave; h&igrave;nh ảnh được t&aacute;i tạo ch&acirc;n thực như bằng mắt thường, ngay cả với những hoạt cảnh chụp ph&iacute;a sau, hiển thị đầy đủ c&aacute;c chi tiết trong b&oacute;ng tối hoặc nổi bật.</p>\r\n\r\n<p>&nbsp;</p>\r\n\r\n<p><img alt=\"Nikon D5100 + AF-S 18-55mm VR\" src=\"http://zshop.vn/images/dslrnikon/2.jpg\" style=\"height:333px; margin:0px; width:499px\" /></p>\r\n\r\n<p><em>H&igrave;nh ảnh minh họa cho t&iacute;nh năng HDR</em></p>\r\n\r\n<p>&nbsp;</p>\r\n\r\n<p><strong>T&Iacute;NH NĂNG NỔI BẬT</strong></p>\r\n\r\n<p><strong>M&agrave;n h&igrave;nh 3-in., 921.000 điểm đa g&oacute;c ngắm, tăng cường khả năng hiển thị</strong></p>\r\n\r\n<p>Khả năng hiển thị ở&nbsp;<a href=\"http://zshop.vn/may-anh-nikon-dslr/\"><strong>Nikon D5100</strong></a>&nbsp;được tăng cường với m&agrave;n h&igrave;nh rộng 3 inch, độ ph&acirc;n giải cao 921.000 điểm v&agrave; hỗ trợ đa g&oacute;c ngắm. Ngo&agrave;i ra m&agrave;u sắc được t&aacute;i tạo trung thực bằng m&agrave;n h&igrave;nh tương đương với c&aacute;c dải gam m&agrave;u sRGB.&nbsp;</p>\r\n\r\n<p>&nbsp;</p>\r\n\r\n<p>Th&ocirc;ng qua một bản lề cho ph&eacute;p m&agrave;n h&igrave;nh đa g&oacute;c ngắm mở rộng linh hoạt m&agrave; kh&ocirc;ng bị ảnh hưởng tới việc lắp th&ecirc;m ch&acirc;n m&aacute;y. M&agrave;n h&igrave;nh đa g&oacute;c mở 0-180 độ sang b&ecirc;n cạnh, xoay chuyển 90 độ theo chiều kim đồng hồ v&agrave; l&ecirc;n đến 180 độ ngược chiều kim khi n&oacute; được mở rộng. Điều n&agrave;y cho ph&eacute;p chụp h&igrave;nh từ nhiều g&oacute;c độ, từ thấp l&ecirc;n cao, ngay cả việc tự chụp ch&acirc;n dung sẽ hết sức dễ d&agrave;ng.&nbsp;</p>\r\n\r\n<p>&nbsp;</p>\r\n\r\n<p><img alt=\"Nikon D5100 + AF-S 18-55mm VR\" src=\"http://zshop.vn/images/dslrnikon/3.jpg\" style=\"height:375px; margin:0px; width:500px\" /></p>\r\n\r\n<p><em>M&agrave;n h&igrave;nh đa g&oacute;c ngắm linh hoạt</em></p>\r\n\r\n<p>&nbsp;</p>\r\n\r\n<p><strong>Chức năng D-Movie cho ph&eacute;p quay v&agrave; chỉnh sửa phim Full-HD</strong></p>\r\n\r\n<p><a href=\"http://zshop.vn/may-anh-nikon-dslr/\"><strong>Nikon&nbsp;D5100</strong></a>&nbsp;trang bị chức năng D-Movie hỗ trợ quay phim độ n&eacute;t cao, chất lượng video cao cấp full HD (1920 x 1080p, 30p).&nbsp;<strong>Nikon D5100</strong>&nbsp;hỗ trợ lấy n&eacute;t tự động AF trong suốt qu&aacute; tr&igrave;nh quay phim. Khi chế độ lấy n&eacute;t tập trung được thiết lập to&agrave;n thời gian full AF-F v&agrave; c&aacute;c chế độ lấy n&eacute;t theo khu vực m&aacute;y ảnh sẽ tự động duy tr&igrave; chế độ lấy n&eacute;t tập trung v&agrave;o một chủ dề duy tr&igrave; qua khung h&igrave;nh. M&aacute;y ảnh cũng cung cấp c&aacute;c chức năng chỉnh sửa phim t&iacute;ch hợp sẵn như cho ph&eacute;p người dung lưu lại một khung h&igrave;nh dưới dạng bức ảnh JPEG hay x&oacute;a đoạn phim kh&ocirc;ng cần thiết mở đầu đầu hoặc kết th&uacute;c phim. Hơn nữa,&nbsp;<strong>Nikon&nbsp;D5100</strong>&nbsp;t&iacute;ch hợp khả năng ghi &acirc;m stereo &acirc;m thanh nổi thong qua cổng ri&ecirc;ng Stereo Microphone ME-1, v&agrave; chế độ gạt xoay t&ugrave;y chọn chế độ ngắm chụp trực tiếp Live-View một c&aacute;ch dễ d&agrave;ng, linh hoạt.&nbsp;</p>\r\n\r\n<p>&nbsp;</p>\r\n\r\n<p>&nbsp;</p>\r\n\r\n<p><img alt=\"Nikon D5100 + AF-S 18-55mm VR\" src=\"http://zshop.vn/images/dslrnikon/4.jpg\" style=\"height:378px; margin:0px; width:500px\" /></p>\r\n\r\n<p>Quay gạt t&ugrave;y chọn chế độ Live-View (Lv)<br />\r\n&nbsp;</p>\r\n\r\n<p>T&ugrave;y chọn Stereo Microphone ME-1 gi&uacute;p thu lại &acirc;m thanh nổi stereo trung thực, trong khi cũng gi&uacute;p loại bỏ tiếng ồn do ống k&iacute;nh g&acirc;y ra trong qu&aacute; tr&igrave;nh tự động lấy n&eacute;t.</p>\r\n\r\n<p>&nbsp;</p>\r\n\r\n<p><img alt=\"Nikon D5100 + AF-S 18-55mm VR\" src=\"http://zshop.vn/images/dslrnikon/5.jpg\" style=\"height:422px; margin:0px; width:500px\" /></p>\r\n\r\n<p>Nikon D5100 + AF-S 18-55mm VR</p>\r\n\r\n<p>&nbsp;</p>\r\n\r\n<p><strong>Lấy n&eacute;t tự động nhanh hơn c&aacute;c đời trước</strong></p>\r\n\r\n<p><strong>Nikon D5100</strong>&nbsp;sử dụng hệ thống lấy n&eacute;t tự động 3D-tracking AF 11, do đ&oacute; c&oacute; khả năng lấy n&eacute;t tự động cực nhanh v&agrave; ch&iacute;nh x&aacute;c cao, ngay cả trong trường hợp chủ thể ảnh đang di chuyển, giảm thiểu tối đa hiện tượng nh&ograve;e mờ v&agrave; cho tốc độ chụp ảnh nhanh ở độ ph&acirc;n giải cao l&ecirc;n đến 4 khung h&igrave;nh/gi&acirc;y. Hỗ trợ đ&egrave;n flash lấy n&eacute;t, Nikon D5100 dễ d&agrave;ng lấy n&eacute;t trong điều kiện thiếu s&aacute;ng, hạn chế hiện tượng đốm ảnh, cho bạn những bức ảnh đẹp ho&agrave;n hảo, mượt m&agrave;.</p>\r\n\r\n<p>&nbsp;</p>\r\n\r\n<p><strong>M&aacute;y ảnh SLR đầu ti&ecirc;n của Nikon cung cấp chế độ Hiệu ứng Đặc biệt</strong></p>\r\n\r\n<p><strong>Nikon D5100</strong>&nbsp;cung cấp c&aacute;c hiệu ứng đặc biệt được lựa chọn v&agrave; &aacute;p dụng cho c&aacute;c h&igrave;nh ảnh tĩnh v&agrave; quay phim. Hiệu ứng đặc biết được hiển thị th&ocirc;ng qua ống k&iacute;nh ngắm l&ecirc;n m&agrave;n h&igrave;nh tước khi bắt đầu chụp hoặc quay phim, cho ph&eacute;p người d&ugrave;ng dễ d&agrave;ng x&aacute;c nhận kết quả mong muốn trong thời gian thực. Người d&ugrave;ng c&oacute; thể dễ d&agrave;ng tận hưởng c&aacute;c hiệu ứng đặc biệt &aacute;p dụng cho phim muốn quay. Chế độ n&agrave;y hỗ trợ n&acirc;ng cao sự s&aacute;ng tạo cho người d&ugrave;ng qua đ&oacute; thể hiện từng phong c&aacute;ch c&aacute; nh&acirc;n ri&ecirc;ng.&nbsp;</p>\r\n\r\n<p>&nbsp;</p>\r\n\r\n<p><strong>M&aacute;y ảnh&nbsp;Nikon&nbsp;D5100&nbsp;cung cấp 7 chế độ hiệu ứng đặc biệt, bao gồm c&aacute;c lựa chọn t&ugrave;y chỉnh m&agrave;u sắc.</strong></p>\r\n\r\n<p>C&aacute;c hiệu ứng đặc biệt ưa th&iacute;ch</p>\r\n\r\n<p>Lựa chọn M&agrave;u sắc</p>\r\n\r\n<p>Tất cả m&agrave;u sắc kh&aacute;c với những m&agrave;u được người d&ugrave;ng chọn sẽ được chuyển thể th&agrave;nh đen v&agrave; trắng. Tối đa 3 m&agrave;u sắc c&oacute; thể được lựa chọn c&ugrave;ng thời điểm.</p>\r\n\r\n<p>&nbsp;</p>\r\n\r\n<p><img alt=\"Nikon D5100 + AF-S 18-55mm VR\" src=\"http://zshop.vn/images/dslrnikon/6.jpg\" style=\"height:328px; margin:0px; width:500px\" /></p>\r\n\r\n<p>H&igrave;nh ảnh minh họa Lựa chọn M&agrave;u sắc</p>\r\n\r\n<p>&nbsp;</p>\r\n\r\n<p><strong>Ph&aacute;c thảo M&agrave;u sắc</strong></p>\r\n\r\n<p>Người d&ugrave;ng c&oacute; thể sử dụng m&agrave;n h&igrave;nh điều chỉnh c&aacute;c th&ocirc;ng số hiển thị về m&agrave;u sắc cho ph&aacute;c thảo để c&oacute; thể h&igrave;nh dung kết quả t&ugrave;y chỉnh trước khi &aacute;p dụng l&ecirc;n ảnh.</p>\r\n\r\n<p>&nbsp;</p>\r\n\r\n<p><strong>Hiệu ứng thu nhỏ</strong></p>\r\n\r\n<p>Một hiệu ứng Diorama &aacute;p dụng l&agrave;m cho c&aacute;c đối tượng như bị thu nhỏ lại. Người d&ugrave;ng c&oacute; thể lựa chọn hướng (ngang/dọc) v&agrave; chiều rộng (hẹp/b&igrave;nh thường/rộng) của khu vực sẽ được tập trung.</p>\r\n\r\n<p><br />\r\n<strong>Hiển thị đ&ecirc;m</strong></p>\r\n\r\n<p>- Khi t&ugrave;y chọn n&agrave;y được k&iacute;ch hoạt, độ nhạy s&aacute;ng rất cao sẽ được &aacute;p dụng (tương đương l&ecirc;n tới ISO 102400). Điều n&agrave;y cho ph&eacute;p chụp ảnh trong điều kiện đ&ecirc;m tối, trong khi vẫn hiển thị chi tiết, r&otilde; n&eacute;t đổi tượng v&agrave; c&aacute;c th&agrave;nh phần xung quanh tr&ecirc;n m&agrave;n h&igrave;nh m&aacute;y ảnh.&nbsp;</p>\r\n\r\n<p>- C&aacute;c T&iacute;nh năng v&agrave; Chức năng nổi bật bổ sung kh&aacute;c</p>\r\n\r\n<p>- Chụp li&ecirc;n tiếp tốc độ cao 4 h&igrave;nh/gi&acirc;y v&agrave; hoạt động m&agrave;n trập bền bỉ v&agrave; rất ch&iacute;nh x&aacute;c đạt chu kỳ thử nghiệm 100.000 lần.</p>\r\n\r\n<p>- Trang bị Chế độ M&agrave;n trập y&ecirc;n lặng cho một số t&igrave;nh huống cần thiết. Điểu khiển kh&ocirc;ng d&acirc;y m&agrave;n trập từ 2 ph&iacute;a trước v&agrave; sau của m&aacute;y ảnh (hỗ trợ ML-L3).</p>\r\n\r\n<p>- Trang bị 16 Chế độ Cảnh chụp t&iacute;ch hợp sẵn cho ph&eacute;p người dụng dễ d&agrave;ng chụp ảnh đẹp một c&aacute;ch nhanh ch&oacute;ng, tối ưu nhất.</p>\r\n\r\n<p>- Khả năng tương th&iacute;ch HDMI-CEC sẵn c&oacute; hỗ trợ điều chỉnh xem lại h&igrave;nh ảnh v&agrave; đoạn phim th&ocirc;ng qua bộ điều khiển từ xa của Ti Vi khi m&aacute;y ảnh kết nối với Ti Vi độ n&eacute;t cao qua cổng HDMI</p>\r\n', 1, 12, 8, '2015-01-09'),
(21, 'Gymno', 3, 3242343, '<p>Điểm nổi bật của sản phẩm</p>\r\n\r\n<p>&nbsp;</p>\r\n\r\n<p>- Đang cập nhật th&ocirc;ng tin</p>\r\n\r\n<p>&nbsp;</p>\r\n\r\n<p>&nbsp;</p>\r\n\r\n<ul>\r\n</ul>\r\n', '<p><strong>Sony A9</strong></p>\r\n\r\n<p>Th&ocirc;ng tin đang cập nhật</p>\r\n\r\n<p><img alt=\"\" src=\"http://zshop.vn/images/A/untitled%20folder/untitled%20folder/a9.jpg\" style=\"height:475px; margin:0px; width:640px\" /></p>\r\n\r\n<p>&nbsp;</p>\r\n\r\n<p><img alt=\"\" src=\"http://zshop.vn/images/A/untitled%20folder/untitled%20folder/a92.png\" style=\"height:553px; margin:0px; width:680px\" /></p>\r\n\r\n<ul>\r\n</ul>\r\n', 1, 23, 6, '2014-12-30');
INSERT INTO `products` (`ProID`, `ProName`, `CatID`, `Price`, `TinyDes`, `FullDes`, `Classify`, `Quantity`, `NView`, `DayAdd`) VALUES
(23, 'Thiên nga', 3, 26986900, '<p>Điểm nổi bật của sản phẩm</p>\r\n\r\n<p>&nbsp;</p>\r\n\r\n<p>- Cảm biến CMOS Exmor 24.3MP Full Khung h&igrave;nh&nbsp;</p>\r\n\r\n<p>- Bộ xử l&yacute; h&igrave;nh ảnh BIONZ X</p>\r\n\r\n<p>- Khả năng tương th&iacute;ch trực tiếp với Ống k&iacute;nh E-mount&nbsp;</p>\r\n\r\n<p>- LCD 3.0 &quot;tiltable TFT với 1,229 K-Dots</p>\r\n\r\n<p>- K&iacute;nh ngắm điện tử OLED 2.4m-Dot&nbsp;</p>\r\n\r\n<p>- Quay video full HD 1080/60p với đầu ra kh&ocirc;ng n&eacute;n</p>\r\n\r\n<p>- Tự động lấy n&eacute;t nhanh, 5 fps Burst Rate</p>\r\n\r\n<p>- T&iacute;ch hợp Wi-Fi v&agrave; c&ocirc;ng nghệ NFC</p>\r\n\r\n<p>- Đa giao diện v&agrave; Flash gắn trong</p>\r\n\r\n<p>- Giao diện truy cập trực tiếp</p>\r\n\r\n<ul>\r\n</ul>\r\n', '<h2>Sony Alpha A7 / Body</h2>\r\n\r\n<p>&nbsp;</p>\r\n\r\n<p><strong>GIỚI THIỆU</strong></p>\r\n\r\n<p><strong><a href=\"http://zshop.vn/may-anh-kts-sony/\">M&aacute;y ảnh</a>&nbsp;Sony a7</strong>&nbsp;l&agrave; m&aacute;y ảnh kỹ thuật số kh&ocirc;ng gương lật &nbsp;từ Sony t&iacute;ch hợp một bộ cảm biến CMOS Exmor full-frame. E-mount cung cấp khả năng tập trung &aacute;nh s&aacute;ng v&agrave; chi tiết cho h&igrave;nh ảnh với bộ cảm biến full-frame nhỏ gọn, trọng lượng nhẹ v&agrave; cấu tạo kh&ocirc;ng gương lật linh hoạt, ho&aacute;n đổi ống k&iacute;nh cho nhau. Cảm biến 24.3MP của d&ograve;ng m&aacute;y&nbsp;<strong>Sony a7</strong>&nbsp;cho ph&eacute;p h&igrave;nh ảnh c&oacute; độ ph&acirc;n giải cao v&agrave; hiệu quả &aacute;nh s&aacute;ng thấp với ti&ecirc;u chuẩn phạm vi độ nhạy ISO 100-25.600. Bộ vi xử l&yacute; h&igrave;nh ảnh mới BIONX X cung cấp xử l&yacute; nhanh v&agrave; tốc độ hoạt động như 5 fps burst shooting v&agrave; front-end LSI (t&iacute;ch hợp quy m&ocirc; lớn) cải thiện xử l&yacute; h&igrave;nh ảnh, kết quả chi tiết hơn, tự nhi&ecirc;n hơn v&agrave; nhạc phong ph&uacute; hơn.&nbsp;</p>\r\n\r\n<p>&nbsp;</p>\r\n\r\n<p><img alt=\"Sony Alpha A7 / Body\" src=\"http://zshop.vn/images/detailed/31/Sony_A7.jpg\" style=\"height:500px; margin:0px; width:500px\" /></p>\r\n\r\n<p>Sony Alpha A7 / Body</p>\r\n\r\n<p>&nbsp;</p>\r\n\r\n<p>M&aacute;y ảnh<strong>&nbsp;Sony a7&nbsp;</strong>tăng cường hệ thống tự động lấy n&eacute;t lai kết hợp 117 điểm, hệ thống AF với một hệ thống tương phản ph&aacute;t hiện 25 điểm cho tốc độ cao v&agrave; ch&iacute;nh x&aacute;c. Vị tr&iacute; khu vực ngo&agrave;i tập trung đa điểm linh hoạt, trọng t&acirc;m, khu vực tập trung đ&oacute;ng g&oacute;p v&agrave;o chức năng của m&aacute;y ảnh&nbsp;<strong>Sony a7</strong>&nbsp;v&agrave; hỗ trợ lấy n&eacute;t bằng tay c&oacute; thể được tối ưu h&oacute;a cho c&aacute;c khu chụp full-frame hoặc định dạng APS-C. Mắt kiểm so&aacute;t AF mới cung cấp sự ch&iacute;nh x&aacute;c cao, đặt trọng t&acirc;m trực tiếp v&agrave;o mắt của đối tượng, ngay cả khi họ đang quay một phần đi.</p>\r\n\r\n<p>&nbsp;</p>\r\n\r\n<p>M&aacute;y ảnh<strong>&nbsp;Sony a7&nbsp;</strong>quay video full HD 1080 với tốc độ khung h&igrave;nh&nbsp;<em>24p/60i/60p hỗ trợ cả codec AVCHD v&agrave; MP4</em>. Video c&oacute; thể được ghi ra m&aacute;y ảnh dưới dạng kh&ocirc;ng n&eacute;n th&ocirc;ng qua kết nối HDMI, v&agrave; cả hai được x&acirc;y dựng trong v&agrave; b&ecirc;n ngo&agrave;i ghi &acirc;m stereo c&oacute; sẵn. HDMI v&agrave; đầu ra kh&ocirc;ng d&acirc;y cho ph&eacute;p xem c&aacute;c h&igrave;nh ảnh tĩnh tr&ecirc;n truyền h&igrave;nh 4K,&nbsp;<em>&nbsp;m&agrave;n h&igrave;nh LCD si&ecirc;u HD. 3.0 &quot; c&oacute; độ ph&acirc;n giải 1.23M-dot</em>&nbsp;<em>v&agrave; c&ocirc;ng nghệ WhiteMagic</em>&nbsp;cho tầm nh&igrave;n tốt hơn trong &aacute;nh s&aacute;ng. K&iacute;nh ngắm điện tử của m&aacute;y&nbsp;<strong>Sony a7</strong>&nbsp;cung cấp một độ tương phản cao 2.4m OLED, cho một g&oacute;c nh&igrave;n rộng, v&agrave; t&iacute;nh năng tương tự hệ thống quang học 3, ống k&iacute;nh được sử dụng trong c&aacute;c m&aacute;y ảnh DSLR Sony A99.</p>\r\n\r\n<p>&nbsp;</p>\r\n\r\n<p><img alt=\"Sony Alpha A7 / Body\" src=\"http://zshop.vn/images/detailed/31/Sony_A7_6.jpg\" style=\"height:330px; margin:0px; width:375px\" /></p>\r\n\r\n<p>Sony Alpha A7 / Body</p>\r\n\r\n<p>&nbsp;</p>\r\n\r\n<p>T&iacute;ch hợp Wi-Fi v&agrave; NFC cho ph&eacute;p truyền h&igrave;nh ảnh kh&ocirc;ng d&acirc;y dễ d&agrave;ng cũng như điều khiển chụp từ xa từ điện thoại th&ocirc;ng minh v&agrave; m&aacute;y t&iacute;nh bảng. Điều khiển từ xa th&ocirc;ng qua kết nối USB vẫn cho ph&eacute;p kiểm so&aacute;t điều chỉnh h&igrave;nh ảnh v&agrave; bao gồm kiểm so&aacute;t quay video. Giao diện hệ thống Pro của d&ograve;ng m&aacute;y&nbsp;<strong>Sony a7</strong>&nbsp;, c&oacute; thể hiển thị tất cả c&aacute;c điều chỉnh m&aacute;y ảnh tr&ecirc;n m&agrave;n h&igrave;nh LCD để thay đổi thiết lập nhanh ch&oacute;ng khi cần thiết.&nbsp;</p>\r\n\r\n<p>&nbsp;</p>\r\n\r\n<p>M&aacute;y ảnh<strong>&nbsp;Sony a7&nbsp;</strong>c&oacute; nhiều giao diện ti&ecirc;n tiến mở rộng t&ugrave;y chọn tương th&iacute;ch với đ&egrave;n flash, microphone, v&agrave; c&aacute;c phụ kiện kh&aacute;c, v&agrave; như một m&aacute;y ảnh full-frame E-mount, m&aacute;y&nbsp;<strong>Sony a7&nbsp;&nbsp;</strong>tương th&iacute;ch với tất cả c&aacute;c cảm biến&nbsp;<em>APS-C k&iacute;ch thước ống k&iacute;nh E-mount hiện trong APS-C</em>. Chế độ c&acirc;y trồng cũng như ống k&iacute;nh G-series E-mount mới full-frame Zeiss. Bộ điều hợp ống k&iacute;nh với một ch&acirc;n m&aacute;y gắn kết cũng c&oacute; sẵn để sử dụng ống k&iacute;nh A-mount tr&ecirc;n m&aacute;y ảnh E-mount v&agrave; một t&ugrave;y chọn r&atilde;nh pin chuy&ecirc;n dụng cho ph&eacute;p chụp mở rộng v&agrave; ổn định.</p>\r\n\r\n<p>&nbsp;</p>\r\n\r\n<p><img alt=\"Sony Alpha A7 / Body\" src=\"http://zshop.vn/images/detailed/31/Sony_A7_1.jpg\" style=\"height:500px; margin:0px; width:500px\" /></p>\r\n\r\n<p>Sony Alpha A7 / Body</p>\r\n\r\n<p>&nbsp;</p>\r\n\r\n<p><strong>T&Iacute;NH NĂNG NỔI BẬT</strong></p>\r\n\r\n<p><strong>M&aacute;y ảnh kỹ thuật số nhỏ gọn kh&ocirc;ng gương lật</strong></p>\r\n\r\n<p>M&aacute;y ảnh<strong>&nbsp;Sony a7</strong>&nbsp;kết hợp khung h&igrave;nh 35,8 x 23,9 v&agrave;o cảm biến, h&igrave;nh thức nhỏ gọn, nhẹ của một m&aacute;y ảnh kh&ocirc;ng gương lật E-mount cung cấp chất lượng h&igrave;nh ảnh tốt, tiện lợi v&agrave; linh hoạt với thiết kế kh&ocirc;ng gương lật.</p>\r\n\r\n<p>&nbsp;</p>\r\n\r\n<p><strong>Bộ cảm biến CMOS Exmor 24.3MP&nbsp;</strong></p>\r\n\r\n<p>Với 24,3 megapixel hiệu quả, c&aacute;c bộ cảm biến CMOS Exmor chụp ảnh c&oacute; độ ph&acirc;n giải cao, tiếng ồn thấp với ph&acirc;n cấp &acirc;m phong ph&uacute; v&agrave; nhạy cảm với &aacute;nh s&aacute;ng. Dải ISO tr&ecirc;n m&aacute;y&nbsp;<strong>Sony a7&nbsp;</strong>&nbsp;l&agrave; 100-25.600.</p>\r\n\r\n<p>&nbsp;</p>\r\n\r\n<p><strong>Bộ xử l&yacute; h&igrave;nh ảnh BIONZ X</strong></p>\r\n\r\n<p>C&aacute;c BIONZ X xử l&yacute; h&igrave;nh ảnh mới t&aacute;i tạo kết cấu v&agrave; chi tiết trong thời gian thực th&ocirc;ng qua khả năng xử l&yacute; tốc độ cao. C&ugrave;ng với front-end LSI (t&iacute;ch hợp quy m&ocirc; lớn), xử l&yacute; nhanh hơn, n&oacute; cho ph&eacute;p c&aacute;c chi tiết tự nhi&ecirc;n hơn, h&igrave;nh ảnh thực tế hơn, tỷ lệ hao hụt &acirc;m phong ph&uacute; hơn, v&agrave; tiếng ồn thấp hơn cho d&ugrave; bạn chụp h&igrave;nh ảnh tĩnh hoặc quay phim.</p>\r\n\r\n<p>&nbsp;</p>\r\n\r\n<p><strong>Tự động lấy n&eacute;t nhanh</strong></p>\r\n\r\n<p>Tăng cường tự động lấy n&eacute;t nhanh kết hợp tốc độ AF, độ tương phản AF ch&iacute;nh x&aacute;c, đ&atilde; được th&uacute;c đẩy th&ocirc;ng qua một thuật to&aacute;n ph&aacute;t hiện đối tượng kh&ocirc;ng gian mới. AF với 117 điểm lấy n&eacute;t nhanh ch&oacute;ng, di chuyển ống k&iacute;nh để mang chủ đề gần th&agrave;nh t&acirc;m điểm, sau đ&oacute; tương phản AF với AF rộng &nbsp;tinh chỉnh v&ugrave;ng phủ s&oacute;ng ch&iacute;nh x&aacute;c.</p>\r\n\r\n<p>&nbsp;</p>\r\n\r\n<p><strong>Chụp li&ecirc;n tục 5 fps&nbsp;</strong></p>\r\n\r\n<p>M&aacute;y<strong>&nbsp;Sony a7&nbsp;</strong>chụp&nbsp;nhanh hơn, theo d&otilde;i AF ch&iacute;nh x&aacute;c hơn, c&oacute; thể thực hiện bằng c&aacute;ch lai nhanh AF cho ph&eacute;p bạn chụp ảnh h&agrave;nh động v&agrave; &quot;ho&agrave;n hảo&quot; với chụp li&ecirc;n tục 5 fps ở tốc độ ưu ti&ecirc;n Chụp Li&ecirc;n Tiếp. Alpha a7 cung cấp một hệ thống tập trung Lai cho ph&eacute;p tập trung nhanh hơn v&agrave; tốc độ khung h&igrave;nh cho c&aacute;c nhiếp ảnh gia.</p>\r\n\r\n<p>&nbsp;</p>\r\n\r\n<p><img alt=\"Sony Alpha A7 / Body\" src=\"http://zshop.vn/images/detailed/31/Sony_A7_5.jpg\" style=\"height:500px; margin:0px; width:500px\" /></p>\r\n\r\n<p>Sony Alpha A7 / Body</p>\r\n\r\n<p>&nbsp;</p>\r\n\r\n<p><strong>Khả năng tương th&iacute;ch với ống k&iacute;nh E-mount của Sony v&agrave; ống k&iacute;nh Frame ho&agrave;n to&agrave;n mới.</strong></p>\r\n\r\n<p>Duy tr&igrave; h&igrave;nh thức nhỏ gọn, m&aacute;y&nbsp;Sony a7&nbsp;ho&agrave;n to&agrave;n tương th&iacute;ch với hệ thống ống k&iacute;nh APS-C E-mount hiện tại của Sony v&agrave; c&aacute;c d&ograve;ng mới của E-mount, ống k&iacute;nh full-frame từ ống k&iacute;nh Carl Zeiss v&agrave; ống k&iacute;nh G-series h&agrave;ng đầu của Sony.</p>\r\n\r\n<p>&nbsp;</p>\r\n\r\n<p><strong>M&agrave;n h&igrave;nh LCD 3.0 &quot;nghi&ecirc;ng&nbsp;</strong></p>\r\n\r\n<p><em>LCD 3.0 &quot; cung cấp độ ph&acirc;n giải 1229 K-dot&nbsp;</em>v&agrave; l&agrave;m cho n&oacute; dễ d&agrave;ng để chụp ảnh từ nhiều g&oacute;c độ thấp hoặc cao, đưa l&ecirc;n 84 &deg; xuống 45 &deg;. C&ocirc;ng nghệ WhiteMagic tăng đ&aacute;ng kể tầm nh&igrave;n trong &aacute;nh s&aacute;ng ban ng&agrave;y. C&aacute;c m&agrave;n h&igrave;nh lớn mang lại chất lượng h&igrave;nh ảnh tĩnh v&agrave; phim trong khi cho ph&eacute;p hoạt động tập trung dễ d&agrave;ng.</p>\r\n\r\n<p>&nbsp;</p>\r\n\r\n<p><img alt=\"Sony Alpha A7 / Body\" src=\"http://zshop.vn/images/detailed/31/Sony_A7_2.jpg\" style=\"height:500px; margin:0px; width:500px\" /></p>\r\n\r\n<p>Sony Alpha A7 / Body</p>\r\n\r\n<p>&nbsp;</p>\r\n\r\n<p><strong>K&iacute;nh ngắm điện tử OLED 2.4m-dot &nbsp;&nbsp;</strong></p>\r\n\r\n<p>Với hệ thống quang học 3 ống k&iacute;nh k&iacute;nh ngắm, hiển thị những g&igrave; sẽ xuất hiện trong video của bạn, bao gồm cả c&aacute;c hiệu ứng c&agrave;i đặt m&aacute;y ảnh của bạn. Bạn sẽ tận hưởng tỷ lệ &acirc;m phong ph&uacute; v&agrave; cải thiện độ tương phản. T&iacute;nh năng cao cấp như độ rộng khu&ocirc;n ảnh 100% v&agrave; g&oacute;c nh&igrave;n rộng cho ph&eacute;p th&agrave;nh phần ngang tầm mắt thoải m&aacute;i v&agrave; ổn định.</p>\r\n\r\n<p>&nbsp;</p>\r\n\r\n<p><strong>Quay Phim full HD 24p/60i/60p kh&ocirc;ng n&eacute;n với đầu ra HDMI</strong></p>\r\n\r\n<p>M&aacute;y ảnh<strong>&nbsp;Sony a7&nbsp;</strong>hỗ trợ AVCHD m&atilde; h&oacute;a khung trong 60p si&ecirc;u mịn, 60i ti&ecirc;u chuẩn hoặc 24p điện ảnh. MP4 codec cũng c&oacute; sẵn cho c&aacute;c tập tin nhỏ hơn để tải l&ecirc;n c&aacute;c trang web dễ d&agrave;ng hơn. Ngo&agrave;i ra, n&oacute; c&oacute; thể nắm bắt ho&agrave;n to&agrave;n c&aacute;c file video 1080 HD kh&ocirc;ng n&eacute;n, l&agrave;m sạch m&agrave;n h&igrave;nh với c&aacute;c thiết bị ghi &acirc;m b&ecirc;n ngo&agrave;i th&ocirc;ng qua kết nối HDMI trong 60p 60i.</p>\r\n\r\n<p>&nbsp;</p>\r\n\r\n<p><strong>T&iacute;ch hợp Wi-Fi v&agrave; c&ocirc;ng nghệ NFC</strong></p>\r\n\r\n<p>Kết nối với điện thoại th&ocirc;ng minh để chia sẻ h&igrave;nh ảnh. Cảm ứng từ xa đ&atilde; được đơn giản h&oacute;a với kiểm so&aacute;t Wi-Fi/NFC. Ngo&agrave;i việc hỗ trợ Wi-Fi để kết nối với điện thoại th&ocirc;ng minh, m&aacute;y&nbsp;<strong>Sony a7</strong>&nbsp;cũng hỗ trợ c&ocirc;ng nghệ NFC (Near Field Communication) cung cấp chuyển thuận tiện h&igrave;nh ảnh điện thoại th&ocirc;ng minh v&agrave; m&aacute;y t&iacute;nh bảng Android.</p>\r\n\r\n<p>Người d&ugrave;ng chỉ cần chạm v&agrave;o thiết bị để kết nối. Hơn nữa, khi sử dụng điều khiển từ xa th&ocirc;ng minh - một t&iacute;nh năng cho ph&eacute;p chụp được điều khiển bởi một điện thoại th&ocirc;ng minh - kết nối với điện thoại th&ocirc;ng minh c&oacute; thể được thiết lập bằng c&aacute;ch chạm v&agrave;o c&aacute;c thiết bị tương th&iacute;ch.</p>\r\n\r\n<p>&nbsp;</p>\r\n\r\n<p><strong>Giao diện truy cập trực tiếp</strong></p>\r\n\r\n<p>Navi Pro hiển thị nhanh ch&oacute;ng tất cả c&aacute;c lựa chọn chụp h&igrave;nh lớn tr&ecirc;n m&agrave;n h&igrave;nh LCD, do đ&oacute; bạn c&oacute; thể nhanh ch&oacute;ng x&aacute;c nhận thiết lập v&agrave; điều chỉnh m&agrave; kh&ocirc;ng cần t&igrave;m kiếm th&ocirc;ng qua c&aacute;c menu chuy&ecirc;n dụng. Khi c&oacute; cơ hội chụp ph&aacute;t sinh, bạn sẽ c&oacute; thể đ&aacute;p ứng nhanh ch&oacute;ng.</p>\r\n\r\n<p>&nbsp;</p>\r\n\r\n<p><strong>Mắt kiểm so&aacute;t AF mới</strong></p>\r\n\r\n<p>Ngay cả khi chụp một chủ đề quay lưng lại với m&aacute;y ảnh với độ s&acirc;u n&ocirc;ng của trường, khu&ocirc;n mặt sẽ được tập trung mạnh nhờ ph&aacute;t hiện mắt cực kỳ ch&iacute;nh x&aacute;c. Một khung m&agrave;u xanh l&aacute; c&acirc;y xuất hiện tr&ecirc;n mắt ưu ti&ecirc;n tập trung khi đ&atilde; đạt được để x&aacute;c nhận dễ d&agrave;ng. Mắt AF c&oacute; thể được sử dụng khi c&aacute;c chức năng được g&aacute;n cho một n&uacute;t t&ugrave;y biến, cho ph&eacute;p người d&ugrave;ng ngay lập tức k&iacute;ch hoạt n&oacute; phụ thuộc v&agrave;o cảnh.</p>\r\n\r\n<p>&nbsp;</p>\r\n\r\n<p><strong>Đầu ra RAW 14-bit</strong></p>\r\n\r\n<p>Dữ liệu h&igrave;nh ảnh RAW 14-bit chất lượng rất cao được đưa ra bởi m&aacute;y ảnh&nbsp;<strong>Sony a7&nbsp;</strong>. Dữ liệu n&agrave;y lưu giữ c&aacute;c chi tiết phong ph&uacute; được tạo ra bởi c&aacute;c bộ cảm biến h&igrave;nh ảnh trong 14 bit qu&aacute; tr&igrave;nh chuyển đổi. Khi ph&aacute;t triển với dữ liệu ảnh RAW, những h&igrave;nh ảnh n&agrave;y cung cấp việc chụp ảnh chất lượng đặc biệt cao v&agrave; độ ph&acirc;n cấp cao.</p>\r\n\r\n<p>&nbsp;</p>\r\n\r\n<p><strong>D&acirc;y điều khiển từ xa với kiểm so&aacute;t Video Capture</strong></p>\r\n\r\n<p>Điều khiển camera từ xa cho ph&eacute;p bạn điều khiển m&aacute;y&nbsp;<strong>Sony a7&nbsp;</strong>từ m&aacute;y t&iacute;nh của bạn sử dụng c&aacute;p USB. Điều n&agrave;y đ&atilde; được cập nhật để bao gồm kiểm so&aacute;t quay video.</p>\r\n\r\n<p>&nbsp;</p>\r\n\r\n<p><strong>Đa giao diện</strong></p>\r\n\r\n<p>C&aacute;c t&iacute;nh năng của&nbsp;<strong>Sony a7&nbsp;</strong>c&oacute; nhiều giao diện ti&ecirc;n tiến, mở rộng đ&aacute;ng kể khả năng tương th&iacute;ch với c&aacute;c phụ kiện kỹ thuật số Sony như đ&egrave;n flash, micro, đ&egrave;n chiếu s&aacute;ng, gi&aacute;m s&aacute;t v&agrave; do đ&oacute; l&agrave;m tăng khả năng chụp ảnh v&agrave; quay phim.</p>\r\n\r\n<p>&nbsp;</p>\r\n\r\n<p>T&iacute;nh năng ch&iacute;nh của Sony A7/A7R</p>\r\n\r\n<p>- A7: 24.3MP Full Frame Exmor CMOS Sensor / A7R: 36MP kh&ocirc;ng c&oacute; bộ lọc khử răng cưa - Cảm biến thế hệ mới nhất của Sony</p>\r\n\r\n<p>- BIONZ X Image Processor - Bộ xử l&yacute; h&igrave;nh ảnh mới nhất</p>\r\n\r\n<p>- Direct Compatibility with E-mount Lenses - Tương th&iacute;ch với tất cả E-mount lens, c&aacute;c lens trước đ&acirc;y sẽ c&oacute; 2 mode lựa chọn: crop hoặc kh&ocirc;ng crop bị tối g&oacute;c.</p>\r\n\r\n<p>- 3.0&quot; Tiltable TFT LCD with 1,229K-Dots</p>\r\n\r\n<p>- 2.4M-Dot OLED Electronic Viewfinder</p>\r\n\r\n<p>- Full 1080/60p with Uncompressed Output</p>\r\n\r\n<p>- A7: Fast Hybrid Autofocus; 5 fps Burst Rate / A7R kh&ocirc;ng hỗ trợ Fast Hybrid Autofocus, 4 fps</p>\r\n\r\n<p>- Tốc độ chụp: 1/8000s-30s</p>\r\n\r\n<p>- Built-In Wi-Fi and NFC</p>\r\n\r\n<p>- Multi-Interface Shoe and Built-In Flash</p>\r\n\r\n<p>- Direct Access Interface</p>\r\n\r\n<p>- ISO 50-25600&nbsp;</p>\r\n\r\n<p>- Khả năng chống bụi, ẩm tr&ecirc;n body: c&oacute;</p>\r\n\r\n<p>- Dung lượng pin: NP-FW50, chụp khoảng 340 shots</p>\r\n\r\n<p>- Trọng lượng: A7: 474 g / A7R: 465 g</p>\r\n\r\n<p>- Body thiết kế c&oacute; 2 b&aacute;nh xe chỉnh th&ocirc;ng số mặt trước v&agrave; sau. Đồng thời c&oacute; 3 n&uacute;t C1, C2, C3 t&ugrave;y biến d&agrave;nh cho người d&ugrave;ng. C&oacute; v&ograve;ng chỉnh EV b&ugrave; trừ s&aacute;ng</p>\r\n\r\n<p>&nbsp;</p>\r\n\r\n<p>Gi&aacute; một số lens ra mắt d&agrave;nh cho Sony A7, A7R:</p>\r\n\r\n<p>- Sony Vario-Tessar T* FE 24-70mm f/4 ZA OSS: $1198</p>\r\n\r\n<p>- Sony Sonnar T* FE 35mm f/2.8 ZA: $798</p>\r\n\r\n<p>- Sony Sonnar T* FE 55mm f/1.8 ZA : $998</p>\r\n\r\n<p>- Sony G 70-200 f/4 OSS: chưa r&otilde; gi&aacute;</p>\r\n\r\n<p>&nbsp;</p>\r\n\r\n<p>Gi&aacute; phụ kiện cho Sony A7/A7R:</p>\r\n\r\n<p>- Sony Vertical Battery Grip for Alpha a7 or a7R: $298</p>\r\n\r\n<p>- Sony A-Mount to E-Mount Lens Adapter: kh&ocirc;ng c&oacute; c&ocirc;ng nghệ Translucent Mirror: chỉ AF với lens SSM/SAM: $198</p>\r\n\r\n<p>- Sony A-Mount to E-Mount Lens Adapter with Translucent Mirror Technology: AF với tất cả lens A-mount: $348</p>\r\n\r\n<ul>\r\n</ul>\r\n', 1, 12, 4, '2015-01-22'),
(25, 'Thần long mini', 3, 6100010, '<p>Điểm nổi bật của sản phẩm</p>\r\n\r\n<p>&nbsp;</p>\r\n\r\n<p>- 20.1MP 1 / 2.3 &quot;Super HAD CCD Sensor</p>\r\n\r\n<p>- BIONZ R xử l&yacute; h&igrave;nh ảnh</p>\r\n\r\n<p>- Zoom quang học 63x 24.5-1550mm</p>\r\n\r\n<p>- 3 &quot;Clear Photo LCD 460k-Dot &amp; K&iacute;nh ngắm</p>\r\n\r\n<p>- 720p HD Movie Mode</p>\r\n\r\n<p>- Optical SteadyShot ổn định h&igrave;nh ảnh</p>\r\n\r\n<p>- 360˚ Sweep Panorama</p>\r\n\r\n<p>- Dễ sử dụng với chi tiết đơn giản</p>\r\n', '<p><strong>Giới thiệu</strong></p>\r\n\r\n<p><a href=\"http://zshop.vn/sony-h400.html\">Sony Cyber-shot DSC-H400</a>&nbsp;kỹ thuật số l&agrave; một m&aacute;y ảnh si&ecirc;u zoom v&agrave; dễ sử dụng giống như một point-and-shoot, nhưng c&aacute;i nh&igrave;n v&agrave; cảm nhận của một DSLR. N&oacute; c&oacute; t&iacute;nh năng một 20.1MP 1 / 2.3 &quot;Super HAD CCD Sensor với một BIONZ R xử l&yacute; h&igrave;nh ảnh cho h&igrave;nh ảnh chi tiết đẹp, v&agrave; một ống k&iacute;nh zoom quang học 63x mạnh mẽ với chiều d&agrave;i ti&ecirc;u cự tương đương 35mm 24.5-1550mm Một s&aacute;ng 3.&quot; Clear Photo 460k- dot m&agrave;n h&igrave;nh LCD v&agrave; k&iacute;nh ngắm tầm mắt cung cấp cho bạn hai t&ugrave;y chọn để s&aacute;ng t&aacute;c v&agrave; xem h&igrave;nh ảnh của bạn.</p>\r\n\r\n<p>Video HD chụp 720p ở tốc độ 30fps v&agrave; sử dụng ổn định h&igrave;nh ảnh quang học SteadyShot để b&ugrave; đắp cho m&aacute;y ảnh bị rung để gi&uacute;p loại bỏ mờ, đặc biệt l&agrave; khi bạn đang đi bộ. Điều n&agrave;y đặc biệt hữu &iacute;ch trong &aacute;nh s&aacute;ng thấp v&agrave; khi sử dụng độ d&agrave;i ti&ecirc;u cự d&agrave;i. Đối với chụp ở một g&oacute;c độ rộng hơn, h&atilde;y thử những 360˚ Sweep Panorama, cho ph&eacute;p bạn bấm n&uacute;t chụp v&agrave; qu&eacute;t m&aacute;y ảnh của bạn xung quanh để thu thập trong to&agrave;n bộ cảnh quan của bạn bằng c&aacute;ch tham gia nhiều h&igrave;nh ảnh độ ph&acirc;n giải cao v&agrave; tự động hợp lại ch&uacute;ng v&agrave;o một bức ảnh.</p>\r\n\r\n<p>Chụp ảnh chưa bao giờ được dễ d&agrave;ng hơn.&nbsp;<strong>Sony H400</strong>&nbsp;sử dụng chức năng tự động th&ocirc;ng minh cho ph&eacute;p m&aacute;y ảnh để thực hiện c&aacute;c thiết lập tối ưu dựa tr&ecirc;n sự c&ocirc;ng nhận của cảnh bạn đang chụp, v&agrave; Easy Mode của m&aacute;y ảnh để đơn giản h&oacute;a thực đơn của bạn. Để tr&aacute;nh thiếu những khu&ocirc;n mặt tươi cười đơn giản l&agrave; bật Smile Shutter C&ocirc;ng nghệ, trong đ&oacute; c&oacute; một h&igrave;nh ảnh bất cứ khi n&agrave;o một nụ cười được ph&aacute;t hiện, dựa tr&ecirc;n sở th&iacute;ch của bạn. H&atilde;y tận dụng hiệu ứng h&igrave;nh ảnh cho h&igrave;nh ảnh biểu cảm hơn v&agrave; chế độ Đảng để tối ưu h&oacute;a flash để chiếu s&aacute;ng l&yacute; tưởng trong kh&oacute; khăn để chụp ảnh điều kiện &aacute;nh s&aacute;ng.</p>\r\n\r\n<p><img alt=\"Máy ảnh Sony Cyber-shot DSC-H400\" src=\"http://zshop.vn/images/A/untitled%20folder/untitled%20folder/IMG_369696.jpg\" style=\"height:500px; margin:0px; width:500px\" /></p>\r\n\r\n<p>M&aacute;y ảnh Sony Cyber-shot DSC-H400</p>\r\n\r\n<p>&nbsp;</p>\r\n\r\n<p><strong>Một số t&iacute;nh năng Sony H400</strong></p>\r\n\r\n<p><strong>Cảm biến v&agrave; xử l&yacute; h&igrave;nh ảnh BIONZ R</strong></p>\r\n\r\n<p>Với 20.1 megapixel 1 / 2.3 &quot;Super HAD CCD v&agrave; xử l&yacute; h&igrave;nh ảnh BIONZ R cung cấp cho chất lượng cao, h&igrave;nh ảnh độ ph&acirc;n giải cao với độ tương phản v&agrave; r&otilde; r&agrave;ng chi tiết đ&aacute;ng kể.</p>\r\n\r\n<p>&nbsp;</p>\r\n\r\n<p><strong>Quang học 63x Ph&oacute;ng 24.5-1550mm 35mm tương đương ti&ecirc;u cự ống k&iacute;nh</strong></p>\r\n\r\n<p>Chuy&ecirc;n nghiệp Sony 4.4-277mm f / 3,4-6,5 ống k&iacute;nh n&agrave;y c&oacute; zoom quang 63x đ&aacute;ng kể v&agrave; c&oacute; độ d&agrave;i ti&ecirc;u cự tương đương 35mm 24.5-1550mm, trong đ&oacute; cung cấp cho bạn với một loạt tele đ&aacute;ng kể.</p>\r\n\r\n<p><img alt=\"Sony H400 với ống kính quan học\" src=\"http://zshop.vn/images/A/untitled%20folder/untitled%20folder/IMG_369695.jpg\" style=\"height:500px; margin:0px; width:500px\" /></p>\r\n\r\n<p>Sony H400 với ống k&iacute;nh quan học</p>\r\n\r\n<p>&nbsp;</p>\r\n\r\n<h2><strong>Sony H400 với k&iacute;nh ngắm v&agrave; m&agrave;n h&igrave;nh LCD 460k</strong></h2>\r\n\r\n<p>A 3 &quot;Clear Photo 460k-dot m&agrave;n h&igrave;nh LCD s&aacute;ng cho ph&eacute;p bạn 5 điểm dừng kiểm so&aacute;t độ s&aacute;ng để xem h&igrave;nh ảnh của bạn trong tất cả c&aacute;c loại điều kiện &aacute;nh s&aacute;ng b&ecirc;n ngo&agrave;i như &aacute;nh nắng mặt trời hoặc trong nh&agrave; v&agrave;o ban đ&ecirc;m.&nbsp;<strong><a href=\"http://zshop.vn/sony-h400.html\">Sony H400&nbsp;</a></strong>cũng c&oacute; t&iacute;nh năng một biểu đồ v&agrave; hiển thị lưới khi bạn cần gi&uacute;p đỡ th&ecirc;m trong việc s&aacute;ng t&aacute;c c&aacute;c bức ảnh của bạn. đối với sự ổn định chụp th&ecirc;m, k&iacute;nh ngắm điện tử tr&ecirc;n<em>Sony H400</em>&nbsp;cũng được cung cấp cho c&aacute;c th&agrave;nh phần ngang tầm mắt. N&oacute; trở n&ecirc;n hữu &iacute;ch để xem v&agrave; chụp s&aacute;ng t&aacute;c trong &aacute;nh s&aacute;ng mặt trời khắc nghiệt.</p>\r\n\r\n<p><img alt=\"Màn hình LCD 460k trên sony Cyber-shot DSC-H400\" src=\"http://zshop.vn/images/A/untitled%20folder/untitled%20folder/IMG_369697.jpg\" style=\"height:500px; margin:0px; width:500px\" /></p>\r\n\r\n<p>M&agrave;n h&igrave;nh LCD 460k tr&ecirc;n sony Cyber-shot DSC-H400</p>\r\n\r\n<p>&nbsp;</p>\r\n\r\n<p><strong>Ổn định quang học SteadyShot với h&igrave;nh ảnh th&ocirc;ng minh&nbsp;</strong></p>\r\n\r\n<p>Ổn định h&igrave;nh ảnh Optical SteadyShot cung cấp bồi thường để giảm hiệu ứng l&agrave;m mờ chuyển động m&aacute;y ảnh khi chụp ở tốc độ m&agrave;n trập chậm hơn. Điều n&agrave;y đặc biệt hiệu quả khi chụp trong điều kiện &aacute;nh s&aacute;ng yếu hoặc độ d&agrave;i ti&ecirc;u cự d&agrave;i hơn.&nbsp;<strong>Sony H400</strong>&nbsp;với chế độ ổn định h&igrave;nh ảnh đăng nhập th&ocirc;ng minh của Sony kết hợp c&acirc;n bằng điện tử v&agrave; quang học &iacute;t mờ trong khi quay video khi đang di chuyển.</p>\r\n\r\n<p>&nbsp;</p>\r\n\r\n<h2><strong>Chế độ quay phim HD 720p tr&ecirc;n Sony H400&nbsp;</strong></h2>\r\n\r\n<p>1280 x 720 phim độ n&eacute;t cao ở tốc độ 30fps để tạo ra video chất lượng cao với việc sử dụng đầy đủ c&aacute;c zoom quang học trong 29 ph&acirc;n đoạn ph&uacute;t. Sau khi chuyển c&aacute;c đoạn video v&agrave;o m&aacute;y t&iacute;nh của bạn,&nbsp;<em>Sony H400</em>&nbsp;sử dụng internet để ngay lập tức tải ch&uacute;ng l&ecirc;n trang web y&ecirc;u th&iacute;ch phương tiện truyền th&ocirc;ng x&atilde; hội của bạn. 360˚ Sweep Panorama</p>\r\n\r\n<p>Để đạt được một g&oacute;c rộng hơn, bạn chỉ cần nhấn n&uacute;t chụp v&agrave; qu&eacute;t m&aacute;y ảnh xung quanh trong khi m&aacute;y ảnh li&ecirc;n tục chụp h&igrave;nh ở tốc độ cao để cung cấp một h&igrave;nh ảnh gh&eacute;p lại v&agrave; chất lượng cao nh&igrave;n to&agrave;n cảnh. Sử dụng n&oacute; để chụp phong cảnh rộng, hoặc đi v&ograve;ng tr&ograve;n đầy đủ l&ecirc;n đến một bức tranh to&agrave;n cảnh 360˚ cho h&igrave;nh ảnh s&aacute;ng tạo hơn.</p>\r\n\r\n<p><img alt=\"\" src=\"http://zshop.vn/images/A/untitled%20folder/untitled%20folder/IMG_369699.jpg\" style=\"height:500px; margin:0px; width:500px\" /></p>\r\n\r\n<p>&nbsp;</p>\r\n\r\n<p>&nbsp;</p>\r\n\r\n<p><strong>C&ocirc;ng nghệ Smile Shutter</strong></p>\r\n\r\n<p>Tự động chụp mỉm cười thời điểm ch&uacute;ng xảy ra. Đơn giản chỉ cần nhấn n&uacute;t Smile Shutter để bật t&iacute;nh năng v&agrave; để phần c&ograve;n lại v&agrave;o m&aacute;y ảnh&nbsp;<em>Sony H400</em>. Bạn c&oacute; thể chỉ ra mức độ nhạy cảm ph&aacute;t hiện nụ cười v&agrave; thậm ch&iacute; chọn người lớn hoặc trẻ em nụ cười ưu ti&ecirc;n. Khi chọn chế độ tự động th&ocirc;ng minh l&agrave;, bạn c&oacute; thể sử dụng chế độ Smile Shutter với Intelligent Scene Recognition để nắm bắt nụ cười với c&aacute;c thiết lập tối ưu h&oacute;a cho cảnh cụ thể như trong điều kiện chụp kh&oacute; khăn với ho&agrave;ng h&ocirc;n v&agrave; đ&egrave;n nền.</p>\r\n\r\n<p>&nbsp;</p>\r\n\r\n<p><strong>Chụp s&aacute;ng tạo với hiệu ứng h&igrave;nh ảnh</strong></p>\r\n\r\n<p>Mang phong cảnh v&agrave; ch&acirc;n dung b&igrave;nh thường với cuộc sống, bằng c&aacute;ch n&acirc;ng cao t&acirc;m trạng v&agrave; tăng cường c&aacute;c thuộc t&iacute;nh nhất định với hiệu ứng h&igrave;nh ảnh. Một loạt c&aacute;c t&ugrave;y chọn s&aacute;ng tạo bao gồm bốn chế độ cho h&igrave;nh ảnh của bạn vẫn c&ograve;n, bốn chế độ cho c&aacute;c bộ phim, v&agrave; th&ecirc;m ba chế độ &aacute;p dụng đối với bức ảnh to&agrave;n cảnh của bạn.</p>\r\n\r\n<p><img alt=\"sony Cyber-shot DSC-H400\" src=\"http://zshop.vn/images/A/untitled%20folder/untitled%20folder/IMG_369700.jpg\" style=\"height:500px; margin:0px; width:500px\" /></p>\r\n\r\n<p>&nbsp;</p>\r\n\r\n<p>Khi chụp trong chế độ Easy menu được đơn giản h&oacute;a bằng c&aacute;ch loại bỏ lớp bổ sung kh&aacute;c nhau v&agrave; l&agrave;m cho kinh nghiệm chụp ảnh của bạn dễ d&agrave;ng hơn v&agrave; th&uacute; vị hơn. Bạn n&ecirc;n muốn lựa chọn chi tiết hơn cho shot của bạn, chỉ cần tắt t&iacute;nh năng n&agrave;y, v&agrave; trở về menu b&igrave;nh thường.</p>\r\n\r\n<p>Tẩy xo&aacute; v&agrave; bảo vệ h&igrave;nh ảnh c&oacute; thể được thực hiện trong c&aacute;c chế độ kh&aacute;c nhau: một h&igrave;nh ảnh, lựa chọn h&igrave;nh ảnh, bởi ng&agrave;y, v&agrave; thư mục.</p>\r\n', 2, 31, 7, '2015-01-19'),
(26, 'Trứng chim', 3, 4599800, '<p>Điểm nổi bật của sản phẩm</p>\r\n\r\n<p>&nbsp;</p>\r\n\r\n<p>- Cảm biến Exmor R CMOS 18.2MP</p>\r\n\r\n<p>- Ống k&iacute;nh G lens&trade; với zoom quang học 10x</p>\r\n\r\n<p>- Bộ xử l&yacute; h&igrave;nh ảnh Bionz X đạt tốc độ cao v&agrave; t&aacute;i tạo chi tiết hiệu quả</p>\r\n\r\n<p>- Quay phim Full HD (1,920 x 1,080 60i) với ổn định h&igrave;nh ảnh Optical SteadyShot</p>\r\n\r\n<p>- Chế độ Intelligent Active Mode loại bỏ hiện tượng mờ nho&egrave; khi ghi h&igrave;nh</p>\r\n\r\n<p>- T&iacute;ch hợp WiFi/ NFC cho việc chia sẻ h&igrave;nh ảnh trở n&ecirc;n dễ d&agrave;ng hơn</p>\r\n', '<p><strong>GIỚI THIỆU</strong></p>\r\n\r\n<p><strong><a href=\"http://zshop.vn/may-anh-kts-sony/\">M&aacute;y ảnh Sony</a>&nbsp;Cyber-shot DSC-WX220</strong>&nbsp;với k&iacute;ch thước bỏ t&uacute;i trang bị ống k&iacute;nh G lens vượt trội với zoom quang học 10x. Được t&iacute;ch hợp Optical SteadyShot&trade; để mang đến h&igrave;nh ảnh vượt bật khi zoom tối đa. Cảm biến 18.2MP Exmor RCMOS đảm bảo hiệu năng xuất sắc ở nơi thiếu s&aacute;ng, v&agrave; kết nối WiFi/NFC cho ph&eacute;p chia sẻ ảnh được thuận tiện.</p>\r\n\r\n<p><img alt=\"Sony Cyber-shot DSC-WX220\" src=\"http://zshop.vn/images/nikon/untitled%20folder/untitled%20folder/untitled%20folder/2d41a9e22e933afa595e62f49635fb75.jpeg\" style=\"height:358px; margin:0px; width:494px\" /></p>\r\n\r\n<p>Sony Cyber-shot DSC-WX220</p>\r\n\r\n<p>&nbsp;</p>\r\n\r\n<p><strong>T&Iacute;NH NĂNG NỔI BẬT</strong></p>\r\n\r\n<p><strong>Chụp ảnh tuyệt đẹp ở cả những nơi tối</strong></p>\r\n\r\n<p>Ghi những bộ phim v&agrave; h&igrave;nh ảnh chi tiết vượt bật đạt tương phản cực cao thậm ch&iacute; l&agrave; ở nơi thiếu s&aacute;ng. Với cảm biến Exmor R&trade; CMOS, giờ đ&acirc;y bạn c&oacute; thể đạt được h&igrave;nh ảnh độ n&eacute;t cao m&agrave; kh&ocirc;ng bị nhiễu trong bất kỳ điều kiện chụp ảnh n&agrave;o.</p>\r\n\r\n<p><strong>Zoom mạnh mẽ trong th&acirc;n m&aacute;y nhỏ gọn</strong></p>\r\n\r\n<p>Tận hưởng sự tiện lợi của việc c&oacute; được những bức ảnh cận cảnh tuyệt đẹp từ c&aacute;c chủ thể ở tận xa. Với k&iacute;ch cỡ đủ mỏng để vừa t&uacute;i &aacute;o<a href=\"http://zshop.vn/sony-cyber-shot-dsc-wx220-chinh-hang.html\">, DSC-WX220</a>&nbsp;cung cấp hiệu suất zoom quang học nổi bật l&ecirc;n đến 10x của ống k&iacute;nh Sony G, mang bạn đối diện với c&aacute;c đối tượng ở xa.</p>\r\n\r\n<p><strong>Chi tiết trung thực đến kinh ngạc</strong></p>\r\n\r\n<p>Bộ xử l&yacute; h&igrave;nh ảnh mới BIONZ X&trade; tốc độ cao t&aacute;i tạo cấu tr&uacute;c v&agrave; chi tiết như mắt nh&igrave;n thấy, th&ocirc;ng qua khả năng xử l&yacute; tốc độ cao.Để mang đến h&igrave;nh ảnh sống động hơn v&agrave; như thật bằng độ ph&acirc;n giải cao.</p>\r\n\r\n<p><img alt=\"Sony Cyber-shot DSC-WX220\" src=\"http://zshop.vn/images/nikon/untitled%20folder/untitled%20folder/untitled%20folder/sony-dsc-wx220-1.jpeg\" style=\"height:270px; margin:0px; width:500px\" /></p>\r\n\r\n<p><strong>Chụp ảnh r&otilde; cả ở những nơi tối</strong></p>\r\n\r\n<p>&nbsp;</p>\r\n\r\n<p><strong>Quay phim độ ph&acirc;n giải cao kh&ocirc;ng nh&ograve;e</strong></p>\r\n\r\n<p>Ghi những bộ phim HD với DSC-WX220, nhờ v&agrave;o khả năng ghi h&igrave;nh Full HD, giờ đ&acirc;y bạn c&oacute; thể ghi lại những bộ phim độ ph&acirc;n giải cao. C&ugrave;ng với t&iacute;nh năng ổn định h&igrave;nh ảnh quang học Optical SteadyShot, m&aacute;y ảnh được giảm rung tuyệt vời mang lại những thước phim độ n&eacute;t cao cho bạn thưởng thức.</p>\r\n\r\n<p><strong>H&igrave;nh ảnh mượt m&agrave; ngay khi đang di chuyển</strong></p>\r\n\r\n<p>Với chế độ Intelligent Auto, việc chụp nhanh một bức ảnh ho&agrave;n hảo thật dễ d&agrave;ng. Việc kết hợp c&aacute;c c&ocirc;ng nghệ ti&ecirc;n tiến;lấy n&eacute;t tự động Intelligent Auto Focus, nhận diện chuyển động Motion Detectiion v&agrave; nhận diện khung cảnh th&ocirc;ng minh Intelligent Scene Recognition để mang đến c&aacute;c thiết lập tối ưu cho những khung cảnh kh&aacute;c nhau v&igrave; thế bạn c&oacute; thể ghi được những bức ảnh tuyệt đẹp, thậm ch&iacute; trong những m&ocirc;i trường th&aacute;ch thức như thiếu s&aacute;ng hoặc ngược s&aacute;ng.</p>\r\n\r\n<p><img alt=\"Sony Cyber-shot DSC-WX220\" src=\"http://zshop.vn/images/nikon/untitled%20folder/untitled%20folder/untitled%20folder/photo-sample_wx220_01.jpg\" style=\"height:375px; margin:0px; width:500px\" /></p>\r\n\r\n<p><strong>Độ ph&acirc;n giải cao</strong></p>\r\n\r\n<p><strong>Kết nối Một chạm cho chia sẻ tức th&igrave;</strong></p>\r\n\r\n<p>Với hỗ trợ WiFi v&agrave; NFC, bạn c&oacute; thể tận hưởng việc chia sẻ nhanh ch&oacute;ng bằng kết nối Một chạm đến c&aacute;c thiết bị Android.V&igrave; thế việc chuyển tải c&aacute;c h&igrave;nh ảnh của bạn đến điện thoại tương th&iacute;ch Wi-Fi hoặc NFC hoặc thiết bị lưu trữ l&agrave; một việc dễ d&agrave;ng.</p>\r\n\r\n<p><strong>Zoom H&igrave;nh R&otilde; N&eacute;t Cho Phim</strong></p>\r\n\r\n<p>Việc đạt được những đoạn phim sắc n&eacute;t v&agrave; r&otilde; r&agrave;ng giờ đ&acirc;y trở n&ecirc;n dễ d&agrave;ng với Clear Image Zoom. Đạt h&igrave;nh ảnh sắc n&eacute;t hơn 2 lần khi bạn ph&oacute;ng to chủ thể.</p>\r\n\r\n<p>&nbsp;</p>\r\n\r\n<p><strong>Tr&igrave;nh Chiếu Ảnh Tĩnh 4K* Qua Kết Nối HDMI</strong></p>\r\n\r\n<p>Đơn giản chỉ việc kết nối m&aacute;y ảnh của bạn đến TV 4K* th&ocirc;ng qua HDMI v&agrave; l&agrave;m sống lại những kỉ niệm của bạn bằng h&igrave;nh ảnh 4K* chi tiết.</p>\r\n', 2, 12, 3, '2014-12-28');

-- --------------------------------------------------------

--
-- Cấu trúc bảng cho bảng `users`
--

DROP TABLE IF EXISTS `users`;
CREATE TABLE IF NOT EXISTS `users` (
  `Id` int(11) NOT NULL AUTO_INCREMENT,
  `Username` varchar(20) COLLATE utf8_unicode_ci NOT NULL,
  `Password` varchar(255) COLLATE utf8_unicode_ci NOT NULL,
  `Name` varchar(50) COLLATE utf8_unicode_ci NOT NULL,
  `Email` varchar(50) COLLATE utf8_unicode_ci NOT NULL,
  `DOB` date DEFAULT NULL,
  `Permission` int(11) NOT NULL,
  PRIMARY KEY (`Id`)
) ENGINE=MyISAM AUTO_INCREMENT=33 DEFAULT CHARSET=utf8 COLLATE=utf8_unicode_ci;

--
-- Đang đổ dữ liệu cho bảng `users`
--

INSERT INTO `users` (`Id`, `Username`, `Password`, `Name`, `Email`, `DOB`, `Permission`) VALUES
(22, 'a', 'fbade9e36a3f36d3d676c1b808451dd7', '', '', '1970-01-01', 0),
(23, 'b', '92eb5ffee6ae2fec3ad71c777531578f', '', '', '1970-01-01', 0),
(24, 'c', '4a8a08f09d37b73795649038408b5f33', '', '', '1970-01-01', 0),
(21, 'admin', '0cc175b9c0f1b6a831c399e269772661', '', '', '1970-01-01', 0),
(25, 'á', 'fbade9e36a3f36d3d676c1b808451dd7', '', 'a', '1970-01-01', 0),
(26, 'as', '0cc175b9c0f1b6a831c399e269772661', '', 's', '1970-01-01', 0),
(27, 'sd', '03c7c0ace395d80182db07ae2c30f034', '', 's', '1970-01-01', 0),
(28, 'sdf', '0cc175b9c0f1b6a831c399e269772661', '', 'asdf@sdfjk.com', '1970-01-01', 0),
(29, 'kimtrang', 'fcea920f7412b5da7be0cf42b8c93759', 'kim trang', 'buithikimtrang195@gmail.com', '1994-07-01', 0),
(30, 'abc', '900150983cd24fb0d6963f7d28e17f72', 'Nguyen minh tri', 'minhtri@mail.com', '1994-11-04', 0),
(31, 'qq', 'e10adc3949ba59abbe56e057f20f883e', 'sdfhsj', 'dsfj@fsd.ch', '1970-01-01', 0),
(32, 'khoinguyen', 'e10adc3949ba59abbe56e057f20f883e', 'Nguyễn Phú Khôi', 'khoitest20@mailinator.com', '1994-07-01', 0);
COMMIT;

/*!40101 SET CHARACTER_SET_CLIENT=@OLD_CHARACTER_SET_CLIENT */;
/*!40101 SET CHARACTER_SET_RESULTS=@OLD_CHARACTER_SET_RESULTS */;
/*!40101 SET COLLATION_CONNECTION=@OLD_COLLATION_CONNECTION */;
